id,place,receive_time,sensor_num,in1,out1,state1,in2,out2,state2
0,0001,2021-01-16 23:00:58.897,2,4949,4644,0,4647,4937,0
1,0001,2021-01-16 23:00:59.912,2,4949,4644,0,4647,4937,0
2,0001,2021-01-16 23:01:00.913,2,4949,4644,0,4647,4937,0
3,0001,2021-01-16 23:01:01.929,2,4949,4644,0,4647,4937,0
4,0001,2021-01-16 23:01:02.944,2,4949,4644,0,4647,4937,0
5,0001,2021-01-16 23:01:04.975,2,4949,4644,0,4647,4937,0
6,0001,2021-01-16 23:01:05.99,2,4949,4644,0,4647,4937,0
7,0001,2021-01-16 23:01:07.006,2,4949,4644,0,4647,4937,0
8,0001,2021-01-16 23:01:08.021,2,4949,4644,0,4647,4937,0
9,0001,2021-01-16 23:01:09.036,2,4949,4644,0,4647,4937,0
10,0001,2021-01-16 23:01:10.052,2,4949,4644,0,4647,4937,0
11,0001,2021-01-16 23:01:11.067,2,4949,4644,0,4647,4937,0
12,0001,2021-01-16 23:01:12.083,2,4949,4644,0,4647,4937,0
13,0001,2021-01-16 23:01:13.098,2,4949,4644,0,4647,4937,0
14,0001,2021-01-16 23:01:14.113,2,4949,4644,0,4647,4937,0
15,0001,2021-01-16 23:01:15.129,2,4949,4644,0,4647,4937,0
16,0001,2021-01-16 23:01:16.13,2,4949,4644,0,4647,4937,0
17,0001,2021-01-16 23:01:17.145,2,4949,4644,0,4647,4937,0
18,0001,2021-01-16 23:01:18.161,2,4949,4644,0,4647,4937,0
19,0001,2021-01-16 23:01:19.176,2,4949,4644,0,4647,4937,0
20,0001,2021-01-16 23:01:20.192,2,4949,4644,0,4647,4937,0
21,0001,2021-01-16 23:01:21.207,2,4949,4644,0,4647,4937,0
22,0001,2021-01-16 23:01:22.222,2,4949,4644,0,4647,4937,0
23,0001,2021-01-16 23:01:23.238,2,4949,4644,0,4647,4937,0
24,0001,2021-01-16 23:01:24.253,2,4949,4644,0,4647,4937,0
25,0001,2021-01-16 23:01:25.269,2,4949,4644,0,4647,4937,0
26,0001,2021-01-16 23:01:26.284,2,4949,4644,0,4647,4937,0
27,0001,2021-01-16 23:01:27.299,2,4949,4644,0,4647,4937,0
28,0001,2021-01-16 23:01:28.315,2,4949,4644,0,4647,4937,0
29,0001,2021-01-16 23:01:29.33,2,4949,4644,0,4647,4937,0
30,0001,2021-01-16 23:01:30.331,2,4949,4644,0,4647,4937,0
31,0001,2021-01-16 23:01:31.347,2,4949,4644,0,4647,4937,0
32,0001,2021-01-16 23:01:32.362,2,4949,4644,0,4647,4937,0
33,0001,2021-01-16 23:01:33.378,2,4949,4644,0,4647,4937,0
34,0001,2021-01-16 23:01:34.393,2,4949,4644,0,4647,4937,0
35,0001,2021-01-16 23:01:35.408,2,4949,4644,0,4647,4937,0
36,0001,2021-01-16 23:01:36.424,2,4949,4644,0,4647,4937,0
37,0001,2021-01-16 23:01:37.439,2,4949,4644,0,4647,4937,0
38,0001,2021-01-16 23:01:38.454,2,4949,4644,0,4647,4937,0
39,0001,2021-01-16 23:01:39.47,2,4949,4644,0,4647,4937,0
40,0001,2021-01-16 23:01:40.485,2,4949,4644,0,4647,4937,0
41,0001,2021-01-16 23:01:41.501,2,4949,4644,0,4647,4937,0
42,0001,2021-01-16 23:01:42.516,2,4949,4644,0,4647,4937,0
43,0001,2021-01-16 23:01:43.531,2,4949,4644,0,4647,4937,0
44,0001,2021-01-16 23:01:44.547,2,4949,4644,0,4647,4937,0
45,0001,2021-01-16 23:01:45.548,2,4949,4644,0,4647,4937,0
46,0001,2021-01-16 23:01:46.563,2,4949,4644,0,4647,4937,0
47,0001,2021-01-16 23:01:47.579,2,4949,4644,0,4647,4937,0
48,0001,2021-01-16 23:01:48.594,2,4949,4644,0,4647,4937,0
49,0001,2021-01-16 23:01:49.609,2,4949,4644,0,4647,4937,0
50,0001,2021-01-16 23:01:50.625,2,4949,4644,0,4647,4937,0
51,0001,2021-01-16 23:01:51.64,2,4949,4644,0,4647,4937,0
52,0001,2021-01-16 23:01:52.655,2,4949,4644,0,4647,4937,0
53,0001,2021-01-16 23:01:53.671,2,4949,4644,0,4647,4937,0
54,0001,2021-01-16 23:01:54.686,2,4949,4644,0,4647,4937,0
55,0001,2021-01-16 23:01:55.702,2,4949,4644,0,4647,4937,0
56,0001,2021-01-16 23:01:56.717,2,4949,4644,0,4647,4937,0
57,0001,2021-01-16 23:01:57.733,2,4949,4644,0,4647,4937,0
58,0001,2021-01-16 23:01:58.748,2,4949,4644,0,4647,4937,0
59,0001,2021-01-16 23:01:59.763,2,4949,4644,0,4647,4937,0
60,0001,2021-01-16 23:02:00.773,2,4949,4644,0,4647,4937,0
61,0001,2021-01-16 23:02:01.788,2,4949,4644,0,4647,4937,0
62,0001,2021-01-16 23:02:02.804,2,4949,4644,0,4647,4937,0
63,0001,2021-01-16 23:02:03.819,2,4949,4644,0,4647,4937,0
64,0001,2021-01-16 23:02:04.834,2,4949,4644,0,4647,4937,0
65,0001,2021-01-16 23:02:05.85,2,4949,4644,0,4647,4937,0
66,0001,2021-01-16 23:02:06.865,2,4949,4644,0,4647,4937,0
67,0001,2021-01-16 23:02:07.88,2,4949,4644,0,4647,4937,0
68,0001,2021-01-16 23:02:08.896,2,4949,4644,0,4647,4937,0
69,0001,2021-01-16 23:02:09.911,2,4949,4644,0,4647,4937,0
70,0001,2021-01-16 23:02:10.927,2,4949,4644,0,4647,4937,0
71,0001,2021-01-16 23:02:11.942,2,4949,4644,0,4647,4937,0
72,0001,2021-01-16 23:02:12.957,2,4949,4644,0,4647,4937,0
73,0001,2021-01-16 23:02:13.973,2,4949,4644,0,4647,4937,0
74,0001,2021-01-16 23:02:14.988,2,4949,4644,0,4647,4937,0
75,0001,2021-01-16 23:02:15.989,2,4949,4644,0,4647,4937,0
76,0001,2021-01-16 23:02:17.005,2,4949,4644,0,4647,4937,0
77,0001,2021-01-16 23:02:18.02,2,4949,4644,0,4647,4937,0
78,0001,2021-01-16 23:02:19.036,2,4949,4644,0,4647,4937,0
79,0001,2021-01-16 23:02:20.051,2,4949,4644,0,4647,4937,0
80,0001,2021-01-16 23:02:21.066,2,4949,4644,0,4647,4937,0
81,0001,2021-01-16 23:02:22.082,2,4949,4644,0,4647,4937,0
82,0001,2021-01-16 23:02:23.097,2,4949,4644,0,4647,4937,0
83,0001,2021-01-16 23:02:24.113,2,4949,4644,0,4647,4937,0
84,0001,2021-01-16 23:02:25.128,2,4949,4644,0,4647,4937,0
85,0001,2021-01-16 23:02:26.143,2,4949,4644,0,4647,4937,0
86,0001,2021-01-16 23:02:27.159,2,4949,4644,0,4647,4937,0
87,0001,2021-01-16 23:02:28.174,2,4949,4644,0,4647,4937,0
88,0001,2021-01-16 23:02:29.19,2,4949,4644,0,4647,4937,0
89,0001,2021-01-16 23:02:30.191,2,4949,4644,0,4647,4937,0
90,0001,2021-01-16 23:02:31.206,2,4949,4644,0,4647,4937,0
91,0001,2021-01-16 23:02:32.222,2,4949,4644,0,4647,4937,0
92,0001,2021-01-16 23:02:33.237,2,4949,4644,0,4647,4937,0
93,0001,2021-01-16 23:02:34.252,2,4949,4644,0,4647,4937,0
94,0001,2021-01-16 23:02:35.268,2,4949,4644,0,4647,4937,0
95,0001,2021-01-16 23:02:36.283,2,4949,4644,0,4647,4937,0
96,0001,2021-01-16 23:02:37.299,2,4949,4644,0,4647,4937,0
97,0001,2021-01-16 23:02:38.314,2,4949,4644,0,4647,4937,0
98,0001,2021-01-16 23:02:39.329,2,4949,4644,0,4647,4937,0
99,0001,2021-01-16 23:02:40.345,2,4949,4644,0,4647,4937,0
100,0001,2021-01-16 23:02:41.36,2,4949,4644,0,4647,4937,0
101,0001,2021-01-16 23:02:42.375,2,4949,4644,0,4647,4937,0
102,0001,2021-01-16 23:02:43.391,2,4949,4644,0,4647,4937,0
103,0001,2021-01-16 23:02:44.406,2,4949,4644,0,4647,4937,0
104,0001,2021-01-16 23:02:45.408,2,4949,4644,0,4647,4937,0
105,0001,2021-01-16 23:02:46.423,2,4949,4644,0,4647,4937,0
106,0001,2021-01-16 23:02:47.438,2,4949,4644,0,4647,4937,0
107,0001,2021-01-16 23:02:48.454,2,4949,4644,0,4647,4937,0
108,0001,2021-01-16 23:02:49.469,2,4949,4644,0,4647,4937,0
109,0001,2021-01-16 23:02:50.484,2,4949,4644,0,4647,4937,0
110,0001,2021-01-16 23:02:51.5,2,4949,4644,0,4647,4937,0
111,0001,2021-01-16 23:02:52.515,2,4949,4644,0,4647,4937,0
112,0001,2021-01-16 23:02:53.531,2,4949,4644,0,4647,4937,0
113,0001,2021-01-16 23:02:54.546,2,4949,4644,0,4647,4937,0
114,0001,2021-01-16 23:02:55.561,2,4949,4644,0,4647,4937,0
115,0001,2021-01-16 23:02:56.577,2,4949,4644,0,4647,4937,0
116,0001,2021-01-16 23:02:57.592,2,4949,4644,0,4647,4937,0
117,0001,2021-01-16 23:02:58.608,2,4949,4644,0,4647,4937,0
118,0001,2021-01-16 23:02:59.623,2,4949,4644,0,4647,4937,0
119,0001,2021-01-16 23:03:00.624,2,4949,4644,0,4647,4937,0
120,0001,2021-01-16 23:03:01.64,2,4949,4644,0,4647,4937,0
121,0001,2021-01-16 23:03:02.655,2,4949,4644,0,4647,4937,0
122,0001,2021-01-16 23:03:03.67,2,4949,4644,0,4647,4937,0
123,0001,2021-01-16 23:03:04.686,2,4949,4644,0,4647,4937,0
124,0001,2021-01-16 23:03:05.701,2,4949,4644,0,4647,4937,0
125,0001,2021-01-16 23:03:06.716,2,4949,4644,0,4647,4937,0
126,0001,2021-01-16 23:03:07.732,2,4949,4644,0,4647,4937,0
127,0001,2021-01-16 23:03:08.747,2,4949,4644,0,4647,4937,0
128,0001,2021-01-16 23:03:09.763,2,4949,4644,0,4647,4937,0
129,0001,2021-01-16 23:03:10.778,2,4949,4644,0,4647,4937,0
130,0001,2021-01-16 23:03:11.793,2,4949,4644,0,4647,4937,0
131,0001,2021-01-16 23:03:12.809,2,4949,4644,0,4647,4937,0
132,0001,2021-01-16 23:03:13.824,2,4949,4644,0,4647,4937,0
133,0001,2021-01-16 23:03:14.84,2,4949,4644,0,4647,4937,0
134,0001,2021-01-16 23:03:15.841,2,4949,4644,0,4647,4937,0
135,0001,2021-01-16 23:03:16.856,2,4949,4644,0,4647,4937,0
136,0001,2021-01-16 23:03:17.872,2,4949,4644,0,4647,4937,0
137,0001,2021-01-16 23:03:18.887,2,4949,4644,0,4647,4937,0
138,0001,2021-01-16 23:03:19.902,2,4949,4644,0,4647,4937,0
139,0001,2021-01-16 23:03:20.918,2,4949,4644,0,4647,4937,0
140,0001,2021-01-16 23:03:21.933,2,4949,4644,0,4647,4937,0
141,0001,2021-01-16 23:03:22.949,2,4949,4644,0,4647,4937,0
142,0001,2021-01-16 23:03:23.964,2,4949,4644,0,4647,4937,0
143,0001,2021-01-16 23:03:24.98,2,4949,4644,0,4647,4937,0
144,0001,2021-01-16 23:03:25.995,2,4949,4644,0,4647,4937,0
145,0001,2021-01-16 23:03:27.01,2,4949,4644,0,4647,4937,0
146,0001,2021-01-16 23:03:28.026,2,4949,4644,0,4647,4937,0
147,0001,2021-01-16 23:03:29.041,2,4949,4644,0,4647,4937,0
148,0001,2021-01-16 23:03:30.056,2,4949,4644,0,4647,4937,0
149,0001,2021-01-16 23:03:31.058,2,4949,4644,0,4647,4937,0
150,0001,2021-01-16 23:03:32.073,2,4949,4644,0,4647,4937,0
151,0001,2021-01-16 23:03:33.088,2,4949,4644,0,4647,4937,0
152,0001,2021-01-16 23:03:34.104,2,4949,4644,0,4647,4937,0
153,0001,2021-01-16 23:03:35.119,2,4949,4644,0,4647,4937,0
154,0001,2021-01-16 23:03:36.134,2,4949,4644,0,4647,4937,0
155,0001,2021-01-16 23:03:37.15,2,4949,4644,0,4647,4937,0
156,0001,2021-01-16 23:03:38.165,2,4949,4644,0,4647,4937,0
157,0001,2021-01-16 23:03:39.181,2,4949,4644,0,4647,4937,0
158,0001,2021-01-16 23:03:40.196,2,4949,4644,0,4647,4937,0
159,0001,2021-01-16 23:03:41.211,2,4949,4644,0,4647,4937,0
160,0001,2021-01-16 23:03:42.227,2,4949,4644,0,4647,4937,0
161,0001,2021-01-16 23:03:43.242,2,4949,4644,0,4647,4937,0
162,0001,2021-01-16 23:03:44.258,2,4949,4644,0,4647,4937,0
163,0001,2021-01-16 23:03:45.259,2,4949,4644,0,4647,4937,0
164,0001,2021-01-16 23:03:46.274,2,4949,4644,0,4647,4937,0
165,0001,2021-01-16 23:03:47.29,2,4949,4644,0,4647,4937,0
166,0001,2021-01-16 23:03:48.305,2,4949,4644,0,4647,4937,0
167,0001,2021-01-16 23:03:49.32,2,4949,4644,0,4647,4937,0
168,0001,2021-01-16 23:03:50.336,2,4949,4644,0,4647,4937,0
169,0001,2021-01-16 23:03:51.351,2,4949,4644,0,4647,4937,0
170,0001,2021-01-16 23:03:52.367,2,4949,4644,0,4647,4937,0
171,0001,2021-01-16 23:03:53.382,2,4949,4644,0,4647,4937,0
172,0001,2021-01-16 23:03:54.397,2,4949,4644,0,4647,4937,0
173,0001,2021-01-16 23:03:55.413,2,4949,4644,0,4647,4937,0
174,0001,2021-01-16 23:03:56.428,2,4949,4644,0,4647,4937,0
175,0001,2021-01-16 23:03:57.444,2,4949,4644,0,4647,4937,0
176,0001,2021-01-16 23:03:58.459,2,4949,4644,0,4647,4937,0
177,0001,2021-01-16 23:03:59.474,2,4949,4644,0,4647,4937,0
178,0001,2021-01-16 23:04:00.484,2,4949,4644,0,4647,4937,0
179,0001,2021-01-16 23:04:01.499,2,4949,4644,0,4647,4937,0
180,0001,2021-01-16 23:04:02.515,2,4949,4644,0,4647,4937,0
181,0001,2021-01-16 23:04:03.53,2,4949,4644,0,4647,4937,0
182,0001,2021-01-16 23:04:04.546,2,4949,4644,0,4647,4937,0
183,0001,2021-01-16 23:04:05.561,2,4949,4644,0,4647,4937,0
184,0001,2021-01-16 23:04:06.576,2,4949,4644,0,4647,4937,0
185,0001,2021-01-16 23:04:07.591,2,4949,4644,0,4647,4937,0
186,0001,2021-01-16 23:04:08.607,2,4949,4644,0,4647,4937,0
187,0001,2021-01-16 23:04:09.622,2,4949,4644,0,4647,4937,0
188,0001,2021-01-16 23:04:10.638,2,4949,4644,0,4647,4937,0
189,0001,2021-01-16 23:04:11.666,2,4949,4644,0,4647,4937,0
190,0001,2021-01-16 23:04:12.681,2,4949,4644,0,4647,4937,0
191,0001,2021-01-16 23:04:13.697,2,4949,4644,0,4647,4937,0
192,0001,2021-01-16 23:04:14.712,2,4949,4644,0,4647,4937,0
193,0001,2021-01-16 23:04:15.714,2,4949,4644,0,4647,4937,0
194,0001,2021-01-16 23:04:16.729,2,4949,4644,0,4647,4937,0
195,0001,2021-01-16 23:04:17.744,2,4949,4644,0,4647,4937,0
196,0001,2021-01-16 23:04:18.76,2,4949,4644,0,4647,4937,0
197,0001,2021-01-16 23:04:19.775,2,4949,4644,0,4647,4937,0
198,0001,2021-01-16 23:04:20.791,2,4949,4644,0,4647,4937,0
199,0001,2021-01-16 23:04:21.806,2,4949,4644,0,4647,4937,0
200,0001,2021-01-16 23:04:22.821,2,4949,4644,0,4647,4937,0
201,0001,2021-01-16 23:04:23.837,2,4949,4644,0,4647,4937,0
202,0001,2021-01-16 23:04:24.852,2,4949,4644,0,4647,4937,0
203,0001,2021-01-16 23:04:25.867,2,4949,4644,0,4647,4937,0
204,0001,2021-01-16 23:04:26.883,2,4949,4644,0,4647,4937,0
205,0001,2021-01-16 23:04:27.898,2,4949,4644,0,4647,4937,0
206,0001,2021-01-16 23:04:28.914,2,4949,4644,0,4647,4937,0
207,0001,2021-01-16 23:04:29.929,2,4949,4644,0,4647,4937,0
208,0001,2021-01-16 23:04:30.93,2,4949,4644,0,4647,4937,0
209,0001,2021-01-16 23:04:31.946,2,4949,4644,0,4647,4937,0
210,0001,2021-01-16 23:04:32.961,2,4949,4644,0,4647,4937,0
211,0001,2021-01-16 23:04:33.976,2,4949,4644,0,4647,4937,0
212,0001,2021-01-16 23:04:34.992,2,4949,4644,0,4647,4937,0
213,0001,2021-01-16 23:04:36.007,2,4949,4644,0,4647,4937,0
214,0001,2021-01-16 23:04:37.023,2,4949,4644,0,4647,4937,0
215,0001,2021-01-16 23:04:38.038,2,4949,4644,0,4647,4937,0
216,0001,2021-01-16 23:04:39.053,2,4949,4644,0,4647,4937,0
217,0001,2021-01-16 23:04:40.069,2,4949,4644,0,4647,4937,0
218,0001,2021-01-16 23:04:41.084,2,4949,4644,0,4647,4937,0
219,0001,2021-01-16 23:04:42.1,2,4949,4644,0,4647,4937,0
220,0001,2021-01-16 23:04:43.115,2,4949,4644,0,4647,4937,0
221,0001,2021-01-16 23:04:44.13,2,4949,4644,0,4647,4937,0
222,0001,2021-01-16 23:04:45.146,2,4949,4644,0,4647,4937,0
223,0001,2021-01-16 23:04:46.147,2,4949,4644,0,4647,4937,0
224,0001,2021-01-16 23:04:47.162,2,4949,4644,0,4647,4937,0
225,0001,2021-01-16 23:04:48.178,2,4949,4644,0,4647,4937,0
226,0001,2021-01-16 23:04:49.193,2,4949,4644,0,4647,4937,0
227,0001,2021-01-16 23:04:50.208,2,4949,4644,0,4647,4937,0
228,0001,2021-01-16 23:04:51.224,2,4949,4644,0,4647,4937,0
229,0001,2021-01-16 23:04:52.239,2,4949,4644,0,4647,4937,0
230,0001,2021-01-16 23:04:53.255,2,4949,4644,0,4647,4937,0
231,0001,2021-01-16 23:04:54.27,2,4949,4644,0,4647,4937,0
232,0001,2021-01-16 23:04:55.285,2,4949,4644,0,4647,4937,0
233,0001,2021-01-16 23:04:56.301,2,4949,4644,0,4647,4937,0
234,0001,2021-01-16 23:04:57.316,2,4949,4644,0,4647,4937,0
235,0001,2021-01-16 23:04:58.331,2,4949,4644,0,4647,4937,0
236,0001,2021-01-16 23:04:59.347,2,4949,4644,0,4647,4937,0
237,0001,2021-01-16 23:05:00.348,2,4949,4644,0,4647,4937,0
238,0001,2021-01-16 23:05:01.364,2,4949,4644,0,4647,4937,0
239,0001,2021-01-16 23:05:02.379,2,4949,4644,0,4647,4937,0
240,0001,2021-01-16 23:05:03.394,2,4949,4644,0,4647,4937,0
241,0001,2021-01-16 23:05:04.41,2,4949,4644,0,4647,4937,0
242,0001,2021-01-16 23:05:05.425,2,4949,4644,0,4647,4937,0
243,0001,2021-01-16 23:05:06.441,2,4949,4644,0,4647,4937,0
244,0001,2021-01-16 23:05:07.456,2,4949,4644,0,4647,4937,0
245,0001,2021-01-16 23:05:08.471,2,4949,4644,0,4647,4937,0
246,0001,2021-01-16 23:05:09.487,2,4949,4644,0,4647,4937,0
247,0001,2021-01-16 23:05:10.502,2,4949,4644,0,4647,4937,0
248,0001,2021-01-16 23:05:11.518,2,4949,4644,0,4647,4937,0
249,0001,2021-01-16 23:05:12.533,2,4949,4644,1,4647,4937,1
250,0001,2021-01-16 23:05:13.548,2,4949,4644,2,4647,4937,2
251,0001,2021-01-16 23:05:14.564,2,4949,4644,2,4647,4937,2
252,0001,2021-01-16 23:05:15.565,2,4949,4644,1,4647,4937,1
253,0001,2021-01-16 23:05:16.581,2,4949,4644,2,4647,4937,2
254,0001,2021-01-16 23:05:17.596,2,4949,4644,2,4647,4937,2
255,0001,2021-01-16 23:05:18.611,2,4949,4644,2,4647,4937,2
256,0001,2021-01-16 23:05:19.627,2,4949,4644,2,4647,4937,2
257,0001,2021-01-16 23:05:20.642,2,4949,4644,3,4647,4937,3
258,0001,2021-01-16 23:05:21.657,2,4949,4644,3,4647,4937,3
259,0001,2021-01-16 23:05:22.673,2,4949,4645,1,4648,4937,1
260,0001,2021-01-16 23:05:23.688,2,4949,4645,0,4648,4937,0
261,0001,2021-01-16 23:05:24.704,2,4949,4645,0,4648,4937,0
262,0001,2021-01-16 23:05:25.719,2,4949,4645,0,4648,4937,0
263,0001,2021-01-16 23:05:26.734,2,4949,4645,0,4648,4937,0
264,0001,2021-01-16 23:07:25.376,2,4949,4645,0,4648,4937,0
265,0001,2021-01-16 23:07:26.391,2,4949,4645,0,4648,4937,0
266,0001,2021-01-16 23:07:27.406,2,4949,4645,0,4648,4937,0
267,0001,2021-01-16 23:07:28.422,2,4949,4645,0,4648,4937,0
268,0001,2021-01-16 23:07:29.437,2,4949,4645,0,4648,4937,0
269,0001,2021-01-16 23:08:10.02,2,4949,4645,0,4648,4937,0
270,0001,2021-01-16 23:08:11.035,2,4949,4645,0,4648,4937,0
271,0001,2021-01-16 23:08:12.05,2,4949,4645,0,4648,4937,0
272,0001,2021-01-16 23:08:14.081,2,4949,4645,0,4648,4937,0
273,0001,2021-01-16 23:08:15.097,2,4949,4645,0,4648,4937,0
274,0001,2021-01-16 23:08:16.098,2,4949,4645,0,4648,4937,0
275,0001,2021-01-16 23:08:17.113,2,4949,4645,0,4648,4937,0
276,0001,2021-01-16 23:08:18.129,2,4949,4645,0,4648,4937,0
277,0001,2021-01-16 23:08:19.144,2,4949,4645,0,4648,4937,0
278,0001,2021-01-16 23:08:20.159,2,4949,4645,0,4648,4937,0
279,0001,2021-01-16 23:08:21.175,2,4949,4645,0,4648,4937,0
280,0001,2021-01-16 23:08:22.19,2,4949,4645,0,4648,4937,0
281,0001,2021-01-16 23:08:23.205,2,4949,4645,0,4648,4937,0
282,0001,2021-01-16 23:08:24.221,2,4949,4645,0,4648,4937,0
283,0001,2021-01-16 23:11:04.545,2,4949,4645,0,4648,4937,0
284,0001,2021-01-16 23:11:05.561,2,4949,4645,0,4648,4937,0
285,0001,2021-01-16 23:11:06.576,2,4949,4645,1,4648,4937,1
286,0001,2021-01-16 23:11:07.592,2,4949,4645,1,4648,4937,1
287,0001,2021-01-16 23:11:08.607,2,4949,4645,1,4648,4937,1
288,0001,2021-01-16 23:11:09.622,2,4949,4645,1,4648,4937,1
289,0001,2021-01-16 23:11:10.638,2,4949,4645,1,4648,4937,1
290,0001,2021-01-16 23:11:11.653,2,4949,4645,1,4648,4937,1
291,0001,2021-01-16 23:11:12.669,2,4949,4645,1,4648,4937,1
292,0001,2021-01-16 23:11:13.684,2,4949,4645,1,4648,4937,1
293,0001,2021-01-16 23:11:14.699,2,4949,4645,1,4648,4937,1
294,0001,2021-01-16 23:11:15.701,2,4949,4645,1,4648,4937,1
295,0001,2021-01-16 23:11:16.716,2,4949,4645,1,4648,4937,1
296,0001,2021-01-16 23:11:17.732,2,4949,4645,1,4648,4937,1
297,0001,2021-01-16 23:11:18.747,2,4949,4646,0,4649,4937,0
298,0001,2021-01-16 23:11:19.762,2,4949,4646,0,4649,4937,0
299,0001,2021-01-16 23:11:20.778,2,4949,4646,0,4649,4937,0
300,0001,2021-01-16 23:11:21.793,2,4949,4646,0,4649,4937,0
301,0001,2021-01-16 23:11:22.809,2,4949,4646,0,4649,4937,0
302,0001,2021-01-16 23:11:23.824,2,4949,4646,0,4649,4937,0
303,0001,2021-01-16 23:11:24.839,2,4949,4646,0,4649,4937,0
304,0001,2021-01-16 23:11:25.855,2,4949,4646,0,4649,4937,0
305,0001,2021-01-16 23:11:43.102,2,4949,4646,0,4649,4937,0
306,0001,2021-01-16 23:11:44.118,2,4949,4646,0,4649,4937,0
307,0001,2021-01-16 23:11:45.133,2,4949,4646,0,4649,4937,0
308,0001,2021-01-16 23:11:46.134,2,4949,4646,0,4649,4937,0
309,0001,2021-01-16 23:11:48.165,2,4949,4646,0,4649,4937,0
310,0001,2021-01-16 23:11:49.181,2,4949,4646,0,4649,4937,0
311,0001,2021-01-16 23:11:50.196,2,4949,4646,0,4649,4937,0
312,0001,2021-01-16 23:11:51.211,2,4949,4646,0,4649,4937,0
313,0001,2021-01-16 23:11:52.227,2,4949,4646,0,4649,4937,0
314,0001,2021-01-16 23:14:09.186,2,4949,4646,0,4649,4937,0
315,0001,2021-01-16 23:14:10.201,2,4949,4646,0,4649,4937,0
316,0001,2021-01-16 23:14:11.216,2,4949,4646,0,4649,4937,0
317,0001,2021-01-16 23:14:12.229,2,4949,4646,0,4649,4937,0
318,0001,2021-01-16 23:14:13.244,2,4949,4646,0,4649,4937,0
319,0001,2021-01-16 23:14:14.26,2,4949,4646,0,4649,4937,0
320,0001,2021-01-16 23:14:15.261,2,4949,4646,0,4649,4937,0
321,0001,2021-01-16 23:14:16.277,2,4949,4646,0,4649,4937,0
322,0001,2021-01-16 23:14:17.292,2,4949,4646,0,4649,4937,0
323,0001,2021-01-16 23:14:18.307,2,4949,4646,0,4649,4937,0
324,0001,2021-01-16 23:14:19.322,2,4949,4646,0,4649,4937,0
325,0001,2021-01-16 23:14:20.338,2,4949,4646,0,4649,4937,0
326,0001,2021-01-16 23:14:21.353,2,4949,4646,0,4649,4937,0
327,0001,2021-01-16 23:14:22.369,2,4949,4646,0,4649,4937,0
328,0001,2021-01-16 23:14:23.384,2,4949,4646,1,4649,4937,1
329,0001,2021-01-16 23:14:24.399,2,4949,4646,0,4649,4937,0
330,0001,2021-01-16 23:14:25.415,2,4949,4646,1,4649,4937,1
331,0001,2021-01-16 23:14:26.43,2,4949,4646,1,4649,4937,1
332,0001,2021-01-16 23:14:27.446,2,4949,4646,1,4649,4937,1
333,0001,2021-01-16 23:14:28.461,2,4949,4646,1,4649,4937,1
334,0001,2021-01-16 23:14:29.477,2,4949,4646,1,4649,4937,1
335,0001,2021-01-16 23:14:30.478,2,4949,4646,1,4649,4937,1
336,0001,2021-01-16 23:14:31.493,2,4949,4646,0,4649,4937,0
337,0001,2021-01-16 23:14:32.509,2,4949,4646,1,4649,4937,1
338,0001,2021-01-16 23:14:33.524,2,4949,4646,1,4649,4937,1
339,0001,2021-01-16 23:14:34.539,2,4949,4646,1,4649,4937,1
340,0001,2021-01-16 23:14:35.555,2,4949,4646,0,4649,4937,0
341,0001,2021-01-16 23:14:36.57,2,4949,4646,2,4649,4937,2
342,0001,2021-01-16 23:14:37.585,2,4949,4646,2,4649,4937,2
343,0001,2021-01-16 23:14:38.601,2,4949,4646,2,4649,4937,2
344,0001,2021-01-16 23:14:39.616,2,4949,4646,3,4649,4937,3
345,0001,2021-01-16 23:14:40.632,2,4949,4646,2,4649,4937,2
346,0001,2021-01-16 23:14:41.647,2,4949,4646,2,4649,4937,2
347,0001,2021-01-16 23:14:42.663,2,4949,4646,3,4649,4937,3
348,0001,2021-01-16 23:14:43.678,2,4949,4646,2,4649,4937,2
349,0001,2021-01-16 23:14:44.693,2,4949,4646,2,4649,4937,2
350,0001,2021-01-16 23:14:45.695,2,4949,4646,2,4649,4937,2
351,0001,2021-01-16 23:14:46.71,2,4949,4646,2,4649,4937,2
352,0001,2021-01-16 23:14:47.725,2,4949,4647,1,4650,4937,1
353,0001,2021-01-16 23:14:48.74,2,4949,4648,0,4651,4937,0
354,0001,2021-01-16 23:14:49.756,2,4949,4648,0,4651,4937,0
355,0001,2021-01-16 23:14:50.772,2,4949,4648,0,4651,4937,0
356,0001,2021-01-16 23:14:51.787,2,4949,4648,0,4651,4937,0
357,0001,2021-01-16 23:14:52.802,2,4949,4648,0,4651,4937,0
358,0001,2021-01-16 23:14:53.818,2,4949,4648,0,4651,4937,0
359,0001,2021-01-16 23:14:54.833,2,4949,4648,0,4651,4937,0
360,0001,2021-01-16 23:14:55.849,2,4949,4648,0,4651,4937,0
361,0001,2021-01-16 23:14:56.864,2,4949,4648,0,4651,4937,0
362,0001,2021-01-16 23:14:57.879,2,4949,4648,0,4651,4937,0
363,0001,2021-01-16 23:14:58.895,2,4949,4648,0,4651,4937,0
364,0001,2021-01-16 23:14:59.91,2,4949,4648,0,4651,4937,0
365,0001,2021-01-16 23:15:00.911,2,4949,4648,0,4651,4937,0
366,0001,2021-01-16 23:15:01.927,2,4949,4648,0,4651,4937,0
367,0001,2021-01-16 23:15:02.942,2,4949,4648,0,4651,4937,0
368,0001,2021-01-16 23:15:03.958,2,4949,4648,0,4651,4937,0
369,0001,2021-01-16 23:15:04.973,2,4949,4648,0,4651,4937,0
370,0001,2021-01-16 23:15:05.988,2,4949,4648,0,4651,4937,0
371,0001,2021-01-16 23:15:07.004,2,4949,4648,0,4651,4937,0
372,0001,2021-01-16 23:15:08.019,2,4949,4648,0,4651,4937,0
373,0001,2021-01-16 23:15:09.034,2,4949,4648,0,4651,4937,0
374,0001,2021-01-16 23:15:10.05,2,4949,4648,0,4651,4937,0
375,0001,2021-01-16 23:15:11.065,2,4949,4648,0,4651,4937,0
376,0001,2021-01-16 23:15:12.081,2,4949,4648,0,4651,4937,0
377,0001,2021-01-16 23:15:13.096,2,4949,4648,0,4651,4937,0
378,0001,2021-01-16 23:15:14.111,2,4949,4648,0,4651,4937,0
379,0001,2021-01-16 23:15:15.127,2,4949,4648,0,4651,4937,0
380,0001,2021-01-16 23:15:16.133,2,4949,4648,0,4651,4937,0
381,0001,2021-01-16 23:15:17.149,2,4949,4648,0,4651,4937,0
382,0001,2021-01-16 23:15:18.164,2,4949,4648,0,4651,4937,0
383,0001,2021-01-16 23:15:19.179,2,4949,4648,0,4651,4937,0
384,0001,2021-01-16 23:15:20.195,2,4949,4648,0,4651,4937,0
385,0001,2021-01-16 23:15:21.21,2,4949,4648,0,4651,4937,0
386,0001,2021-01-16 23:15:22.226,2,4949,4648,0,4651,4937,0
387,0001,2021-01-16 23:15:23.241,2,4949,4648,0,4651,4937,0
388,0001,2021-01-16 23:15:24.256,2,4949,4648,0,4651,4937,0
389,0001,2021-01-16 23:15:25.272,2,4949,4648,0,4651,4937,0
390,0001,2021-01-16 23:15:26.287,2,4949,4648,0,4651,4937,0
391,0001,2021-01-16 23:15:27.303,2,4949,4648,0,4651,4937,0
392,0001,2021-01-16 23:15:28.318,2,4949,4648,0,4651,4937,0
393,0001,2021-01-16 23:15:29.333,2,4949,4648,0,4651,4937,0
394,0001,2021-01-16 23:15:30.335,2,4949,4648,0,4651,4937,0
395,0001,2021-01-16 23:15:31.35,2,4949,4648,0,4651,4937,0
396,0001,2021-01-16 23:15:32.365,2,4949,4648,0,4651,4937,0
397,0001,2021-01-16 23:15:33.381,2,4949,4648,0,4651,4937,0
398,0001,2021-01-16 23:15:34.396,2,4949,4648,0,4651,4937,0
399,0001,2021-01-16 23:15:35.412,2,4949,4648,0,4651,4937,0
400,0001,2021-01-16 23:15:36.427,2,4949,4648,0,4651,4937,0
401,0001,2021-01-16 23:15:37.442,2,4949,4648,0,4651,4937,0
402,0001,2021-01-16 23:15:38.458,2,4949,4648,0,4651,4937,0
403,0001,2021-01-16 23:15:39.473,2,4949,4648,0,4651,4937,0
404,0001,2021-01-16 23:15:40.489,2,4949,4648,0,4651,4937,0
405,0001,2021-01-16 23:15:41.504,2,4949,4648,0,4651,4937,0
406,0001,2021-01-16 23:15:42.519,2,4949,4648,0,4651,4937,0
407,0001,2021-01-16 23:15:43.535,2,4949,4648,0,4651,4937,0
408,0001,2021-01-16 23:15:44.55,2,4949,4648,0,4651,4937,0
409,0001,2021-01-16 23:15:45.551,2,4949,4648,0,4651,4937,0
410,0001,2021-01-16 23:15:46.567,2,4949,4648,0,4651,4937,0
411,0001,2021-01-16 23:15:47.582,2,4949,4648,0,4651,4937,0
412,0001,2021-01-16 23:15:48.598,2,4949,4648,0,4651,4937,0
413,0001,2021-01-16 23:15:49.613,2,4949,4648,0,4651,4937,0
414,0001,2021-01-16 23:15:54.69,2,4949,4648,0,4651,4937,0
415,0001,2021-01-16 23:15:55.705,2,4949,4648,0,4651,4937,0
416,0001,2021-01-16 23:15:56.721,2,4949,4648,0,4651,4937,0
417,0001,2021-01-16 23:15:57.736,2,4949,4648,0,4651,4937,0
418,0001,2021-01-16 23:15:58.751,2,4949,4648,0,4651,4937,0
419,0001,2021-01-16 23:15:59.767,2,4949,4648,0,4651,4937,0
420,0001,2021-01-16 23:16:00.768,2,4949,4648,0,4651,4937,0
421,0001,2021-01-16 23:16:01.783,2,4949,4648,0,4651,4937,0
422,0001,2021-01-16 23:16:02.799,2,4949,4648,0,4651,4937,0
423,0001,2021-01-16 23:16:03.814,2,4949,4648,0,4651,4937,0
424,0001,2021-01-16 23:16:04.83,2,4949,4648,0,4651,4937,0
425,0001,2021-01-16 23:16:05.845,2,4949,4648,0,4651,4937,0
426,0001,2021-01-16 23:16:06.86,2,4949,4648,0,4651,4937,0
427,0001,2021-01-16 23:16:07.876,2,4949,4648,0,4651,4937,0
428,0001,2021-01-16 23:16:08.891,2,4949,4648,0,4651,4937,0
429,0001,2021-01-16 23:16:09.906,2,4949,4648,0,4651,4937,0
430,0001,2021-01-16 23:16:10.922,2,4949,4648,0,4651,4937,0
431,0001,2021-01-16 23:16:11.937,2,4949,4648,0,4651,4937,0
432,0001,2021-01-16 23:16:12.953,2,4949,4648,0,4651,4937,0
433,0001,2021-01-16 23:16:13.968,2,4949,4648,0,4651,4937,0
434,0001,2021-01-16 23:16:14.983,2,4949,4648,0,4651,4937,0
435,0001,2021-01-16 23:16:15.985,2,4949,4648,0,4651,4937,0
436,0001,2021-01-16 23:16:17,2,4949,4648,0,4651,4937,0
437,0001,2021-01-16 23:16:18.016,2,4949,4648,0,4651,4937,0
438,0001,2021-01-16 23:16:19.031,2,4949,4648,0,4651,4937,0
439,0001,2021-01-16 23:16:20.046,2,4949,4648,0,4651,4937,0
440,0001,2021-01-16 23:16:21.062,2,4949,4648,0,4651,4937,0
441,0001,2021-01-16 23:16:22.077,2,4949,4648,0,4651,4937,0
442,0001,2021-01-16 23:16:23.093,2,4949,4648,0,4651,4937,0
443,0001,2021-01-16 23:16:24.108,2,4949,4648,0,4651,4937,0
444,0001,2021-01-16 23:16:25.124,2,4949,4648,0,4651,4937,0
445,0001,2021-01-16 23:16:26.139,2,4949,4648,0,4651,4937,0
446,0001,2021-01-16 23:16:27.154,2,4949,4648,0,4651,4937,0
447,0001,2021-01-16 23:16:28.169,2,4949,4648,0,4651,4937,0
448,0001,2021-01-16 23:16:29.185,2,4949,4648,0,4651,4937,0
449,0001,2021-01-16 23:16:30.186,2,4949,4648,0,4651,4937,0
450,0001,2021-01-16 23:16:31.202,2,4949,4648,0,4651,4937,0
451,0001,2021-01-16 23:16:32.217,2,4949,4648,0,4651,4937,0
452,0001,2021-01-16 23:16:33.232,2,4949,4648,0,4651,4937,0
453,0001,2021-01-16 23:16:34.248,2,4949,4648,0,4651,4937,0
454,0001,2021-01-16 23:16:35.263,2,4949,4648,0,4651,4937,0
455,0001,2021-01-16 23:16:36.278,2,4949,4648,0,4651,4937,0
456,0001,2021-01-16 23:16:37.294,2,4949,4648,0,4651,4937,0
457,0001,2021-01-16 23:16:38.309,2,4949,4648,0,4651,4937,0
458,0001,2021-01-16 23:16:39.324,2,4949,4648,0,4651,4937,0
459,0001,2021-01-16 23:16:40.34,2,4949,4648,0,4651,4937,0
460,0001,2021-01-16 23:16:41.356,2,4949,4648,0,4651,4937,0
461,0001,2021-01-16 23:16:42.371,2,4949,4648,0,4651,4937,0
462,0001,2021-01-16 23:16:43.386,2,4949,4648,0,4651,4937,0
463,0001,2021-01-16 23:16:44.402,2,4949,4648,0,4651,4937,0
464,0001,2021-01-16 23:16:45.403,2,4949,4648,0,4651,4937,0
465,0001,2021-01-16 23:16:46.418,2,4949,4648,0,4651,4937,0
466,0001,2021-01-16 23:16:47.434,2,4949,4648,0,4651,4937,0
467,0001,2021-01-16 23:16:48.449,2,4949,4648,0,4651,4937,0
468,0001,2021-01-16 23:16:49.464,2,4949,4648,0,4651,4937,0
469,0001,2021-01-16 23:16:50.48,2,4949,4648,0,4651,4937,0
470,0001,2021-01-16 23:16:51.495,2,4949,4648,0,4651,4937,0
471,0001,2021-01-16 23:16:52.511,2,4949,4648,0,4651,4937,0
472,0001,2021-01-16 23:16:53.526,2,4949,4648,0,4651,4937,0
473,0001,2021-01-16 23:16:54.541,2,4949,4648,0,4651,4937,0
474,0001,2021-01-16 23:16:55.557,2,4949,4648,0,4651,4937,0
475,0001,2021-01-16 23:16:56.572,2,4949,4648,0,4651,4937,0
476,0001,2021-01-16 23:16:57.588,2,4949,4648,0,4651,4937,0
477,0001,2021-01-16 23:16:58.603,2,4949,4648,0,4651,4937,0
478,0001,2021-01-16 23:16:59.618,2,4949,4648,0,4651,4937,0
479,0001,2021-01-16 23:17:00.62,2,4949,4648,0,4651,4937,0
480,0001,2021-01-16 23:17:01.635,2,4949,4648,0,4651,4937,0
481,0001,2021-01-16 23:17:02.65,2,4949,4648,0,4651,4937,0
482,0001,2021-01-16 23:17:03.666,2,4949,4648,0,4651,4937,0
483,0001,2021-01-16 23:17:04.681,2,4949,4648,0,4651,4937,0
484,0001,2021-01-16 23:17:05.697,2,4949,4648,0,4651,4937,0
485,0001,2021-01-16 23:17:06.712,2,4949,4648,0,4651,4937,0
486,0001,2021-01-16 23:17:07.727,2,4949,4648,0,4651,4937,0
487,0001,2021-01-16 23:17:08.743,2,4949,4648,0,4651,4937,0
488,0001,2021-01-16 23:17:09.758,2,4949,4648,0,4651,4937,0
489,0001,2021-01-16 23:17:10.773,2,4949,4648,0,4651,4937,0
490,0001,2021-01-16 23:17:11.789,2,4949,4648,0,4651,4937,0
491,0001,2021-01-16 23:17:12.804,2,4949,4648,0,4651,4937,0
492,0001,2021-01-16 23:17:13.82,2,4949,4648,0,4651,4937,0
493,0001,2021-01-16 23:17:14.835,2,4949,4648,0,4651,4937,0
494,0001,2021-01-16 23:17:15.838,2,4949,4648,0,4651,4937,0
495,0001,2021-01-16 23:17:16.854,2,4949,4648,0,4651,4937,0
496,0001,2021-01-16 23:17:17.862,2,4949,4648,0,4651,4937,0
497,0001,2021-01-16 23:17:18.877,2,4949,4648,0,4651,4937,0
498,0001,2021-01-16 23:17:19.879,2,4949,4648,0,4651,4937,0
499,0001,2021-01-16 23:17:20.891,2,4949,4648,0,4651,4937,0
500,0001,2021-01-16 23:17:21.892,2,4949,4648,0,4651,4937,0
501,0001,2021-01-16 23:17:22.908,2,4949,4648,0,4651,4937,0
502,0001,2021-01-16 23:17:23.923,2,4949,4648,0,4651,4937,0
503,0001,2021-01-16 23:17:24.939,2,4949,4648,0,4651,4937,0
504,0001,2021-01-16 23:17:25.94,2,4949,4648,0,4651,4937,0
505,0001,2021-01-16 23:17:26.955,2,4949,4648,0,4651,4937,0
506,0001,2021-01-16 23:17:27.971,2,4949,4648,0,4651,4937,0
507,0001,2021-01-16 23:17:28.986,2,4949,4648,0,4651,4937,0
508,0001,2021-01-16 23:17:30.001,2,4949,4648,0,4651,4937,0
509,0001,2021-01-16 23:17:31.003,2,4949,4648,0,4651,4937,0
510,0001,2021-01-16 23:17:32.019,2,4949,4648,0,4651,4937,0
511,0001,2021-01-16 23:17:33.034,2,4949,4648,0,4651,4937,0
512,0001,2021-01-16 23:17:34.049,2,4949,4648,0,4651,4937,0
513,0001,2021-01-16 23:17:35.065,2,4949,4648,0,4651,4937,0
514,0001,2021-01-16 23:17:36.08,2,4949,4648,0,4651,4937,0
515,0001,2021-01-16 23:17:37.096,2,4949,4648,0,4651,4937,0
516,0001,2021-01-16 23:17:38.111,2,4949,4648,0,4651,4937,0
517,0001,2021-01-16 23:17:39.126,2,4949,4648,0,4651,4937,0
518,0001,2021-01-16 23:17:40.142,2,4949,4648,0,4651,4937,0
519,0001,2021-01-16 23:17:41.157,2,4949,4648,0,4651,4937,0
520,0001,2021-01-16 23:17:42.173,2,4949,4648,0,4651,4937,0
521,0001,2021-01-16 23:17:43.188,2,4949,4648,0,4651,4937,0
522,0001,2021-01-16 23:17:44.203,2,4949,4648,0,4651,4937,0
523,0001,2021-01-16 23:17:45.205,2,4949,4648,0,4651,4937,0
524,0001,2021-01-16 23:17:46.22,2,4949,4648,0,4651,4937,0
525,0001,2021-01-16 23:17:47.235,2,4949,4648,0,4651,4937,0
526,0001,2021-01-16 23:17:48.251,2,4949,4648,0,4651,4937,0
527,0001,2021-01-16 23:17:49.266,2,4949,4648,0,4651,4937,0
528,0001,2021-01-16 23:17:50.282,2,4949,4648,0,4651,4937,0
529,0001,2021-01-16 23:17:51.297,2,4949,4648,0,4651,4937,0
530,0001,2021-01-16 23:17:54.343,2,4949,4648,0,4651,4937,0
531,0001,2021-01-16 23:17:55.359,2,4949,4648,0,4651,4937,0
532,0001,2021-01-16 23:17:56.374,2,4949,4648,0,4651,4937,0
533,0001,2021-01-16 23:17:57.389,2,4949,4648,0,4651,4937,0
534,0001,2021-01-16 23:17:58.405,2,4949,4648,0,4651,4937,0
535,0001,2021-01-16 23:18:34.917,2,4949,4648,0,4651,4937,0
536,0001,2021-01-16 23:18:35.932,2,4949,4648,0,4651,4937,0
537,0001,2021-01-16 23:18:36.948,2,4949,4648,0,4651,4937,0
538,0001,2021-01-16 23:18:37.963,2,4949,4648,0,4651,4937,0
539,0001,2021-01-16 23:18:38.978,2,4949,4648,0,4651,4937,0
540,0001,2021-01-16 23:18:39.994,2,4949,4648,0,4651,4937,0
541,0001,2021-01-16 23:18:41.009,2,4949,4648,0,4651,4937,0
542,0001,2021-01-16 23:18:42.024,2,4949,4648,0,4651,4937,0
543,0001,2021-01-16 23:18:43.04,2,4949,4648,0,4651,4937,0
544,0001,2021-01-16 23:18:44.055,2,4949,4648,1,4651,4937,1
545,0001,2021-01-16 23:18:45.071,2,4949,4648,1,4651,4937,1
546,0001,2021-01-16 23:18:46.072,2,4949,4648,1,4651,4937,1
547,0001,2021-01-16 23:18:47.088,2,4949,4648,1,4651,4937,1
548,0001,2021-01-16 23:18:48.103,2,4949,4648,1,4651,4937,1
549,0001,2021-01-16 23:18:49.118,2,4949,4648,1,4651,4937,1
550,0001,2021-01-16 23:18:50.134,2,4949,4648,1,4651,4937,1
551,0001,2021-01-16 23:18:51.149,2,4949,4648,1,4651,4937,1
552,0001,2021-01-16 23:18:52.165,2,4949,4648,1,4651,4937,1
553,0001,2021-01-16 23:18:53.18,2,4950,4648,0,4651,4938,0
554,0001,2021-01-16 23:18:54.195,2,4950,4648,0,4651,4938,0
555,0001,2021-01-16 23:18:55.211,2,4950,4648,0,4651,4938,0
556,0001,2021-01-16 23:18:56.226,2,4950,4648,0,4651,4938,0
557,0001,2021-01-16 23:18:57.241,2,4950,4648,0,4651,4938,0
558,0001,2021-01-16 23:18:58.257,2,4950,4648,0,4651,4938,0
559,0001,2021-01-16 23:18:59.272,2,4950,4648,0,4651,4938,0
560,0001,2021-01-16 23:19:00.274,2,4950,4648,1,4651,4938,1
561,0001,2021-01-16 23:19:01.289,2,4950,4648,1,4651,4938,1
562,0001,2021-01-16 23:19:02.304,2,4950,4648,1,4651,4938,1
563,0001,2021-01-16 23:19:03.32,2,4950,4648,0,4651,4938,0
564,0001,2021-01-16 23:19:04.335,2,4950,4648,0,4651,4938,0
565,0001,2021-01-16 23:19:05.351,2,4950,4648,0,4651,4938,0
566,0001,2021-01-16 23:19:06.366,2,4950,4648,0,4651,4938,0
567,0001,2021-01-16 23:19:07.381,2,4950,4648,0,4651,4938,0
568,0001,2021-01-16 23:19:08.397,2,4950,4648,0,4651,4938,0
569,0001,2021-01-16 23:19:53.035,2,4950,4648,0,4651,4938,0
570,0001,2021-01-16 23:19:54.051,2,4950,4648,0,4651,4938,0
571,0001,2021-01-16 23:19:55.066,2,4950,4648,0,4651,4938,0
572,0001,2021-01-16 23:19:56.081,2,4950,4648,1,4651,4938,1
573,0001,2021-01-16 23:19:57.097,2,4950,4648,1,4651,4938,1
574,0001,2021-01-16 23:19:58.112,2,4950,4648,1,4651,4938,1
575,0001,2021-01-16 23:19:59.128,2,4950,4648,1,4651,4938,1
576,0001,2021-01-16 23:20:00.143,2,4950,4648,1,4651,4938,1
577,0001,2021-01-16 23:20:01.144,2,4950,4648,1,4651,4938,1
578,0001,2021-01-16 23:20:02.16,2,4950,4648,1,4651,4938,1
579,0001,2021-01-16 23:20:03.175,2,4950,4648,1,4651,4938,1
580,0001,2021-01-16 23:20:04.191,2,4950,4648,1,4651,4938,1
581,0001,2021-01-16 23:20:05.206,2,4950,4649,0,4652,4938,0
582,0001,2021-01-16 23:20:06.221,2,4950,4649,0,4652,4938,0
583,0001,2021-01-16 23:20:07.237,2,4950,4649,0,4652,4938,0
584,0001,2021-01-16 23:20:08.252,2,4950,4649,0,4652,4938,0
585,0001,2021-01-16 23:20:09.268,2,4950,4649,0,4652,4938,0
586,0001,2021-01-16 23:20:10.283,2,4950,4649,0,4652,4938,0
587,0001,2021-01-16 23:20:11.298,2,4950,4649,0,4652,4938,0
588,0001,2021-01-16 23:20:12.314,2,4950,4649,0,4652,4938,0
589,0001,2021-01-16 23:20:13.329,2,4950,4649,0,4652,4938,0
590,0001,2021-01-16 23:20:14.345,2,4950,4649,0,4652,4938,0
591,0001,2021-01-16 23:20:45.779,2,4950,4649,0,4652,4938,0
592,0001,2021-01-16 23:20:46.795,2,4950,4649,0,4652,4938,0
593,0001,2021-01-16 23:20:47.81,2,4950,4649,0,4652,4938,0
594,0001,2021-01-16 23:20:48.825,2,4950,4649,0,4652,4938,0
595,0001,2021-01-16 23:20:49.841,2,4950,4649,0,4652,4938,0
596,0001,2021-01-16 23:20:50.856,2,4950,4649,0,4652,4938,0
597,0001,2021-01-16 23:20:51.872,2,4950,4649,0,4652,4938,0
598,0001,2021-01-16 23:20:52.887,2,4950,4649,0,4652,4938,0
599,0001,2021-01-16 23:20:53.903,2,4950,4649,0,4652,4938,0
600,0001,2021-01-16 23:20:54.918,2,4950,4649,0,4652,4938,0
601,0001,2021-01-16 23:20:55.933,2,4950,4649,0,4652,4938,0
602,0001,2021-01-16 23:21:11.15,2,4950,4649,0,4652,4938,0
603,0001,2021-01-16 23:21:12.165,2,4950,4649,0,4652,4938,0
604,0001,2021-01-16 23:21:13.18,2,4950,4649,0,4652,4938,0
605,0001,2021-01-16 23:21:14.196,2,4950,4649,0,4652,4938,0
606,0001,2021-01-16 23:21:15.197,2,4950,4649,0,4652,4938,0
607,0001,2021-01-16 23:21:16.213,2,4950,4649,0,4652,4938,0
608,0001,2021-01-16 23:21:17.228,2,4950,4649,0,4652,4938,0
609,0001,2021-01-16 23:21:18.243,2,4950,4649,0,4652,4938,0
610,0001,2021-01-16 23:21:19.259,2,4950,4649,0,4652,4938,0
611,0001,2021-01-16 23:21:20.274,2,4950,4649,0,4652,4938,0
612,0001,2021-01-16 23:21:21.29,2,4950,4649,0,4652,4938,0
613,0001,2021-01-16 23:21:22.305,2,4950,4649,0,4652,4938,0
614,0001,2021-01-16 23:21:28.397,2,4950,4649,0,4652,4938,0
615,0001,2021-01-16 23:21:29.413,2,4950,4649,0,4652,4938,0
616,0001,2021-01-16 23:21:30.414,2,4950,4649,0,4652,4938,0
617,0001,2021-01-16 23:21:31.429,2,4950,4649,0,4652,4938,0
618,0001,2021-01-16 23:21:32.445,2,4950,4649,0,4652,4938,0
619,0001,2021-01-16 23:21:33.46,2,4950,4649,0,4652,4938,0
620,0001,2021-01-16 23:21:34.475,2,4950,4649,0,4652,4938,0
621,0001,2021-01-16 23:21:35.491,2,4950,4649,0,4652,4938,0
622,0001,2021-01-16 23:21:36.506,2,4950,4649,0,4652,4938,0
623,0001,2021-01-16 23:21:37.521,2,4950,4649,0,4652,4938,0
624,0001,2021-01-16 23:21:38.537,2,4950,4649,0,4652,4938,0
625,0001,2021-01-16 23:21:39.552,2,4950,4649,0,4652,4938,0
626,0001,2021-01-16 23:21:40.568,2,4950,4649,0,4652,4938,0
627,0001,2021-01-16 23:21:41.583,2,4950,4649,0,4652,4938,0
628,0001,2021-01-16 23:21:42.598,2,4950,4649,0,4652,4938,0
629,0001,2021-01-16 23:23:41.293,2,4950,4649,0,4652,4938,0
630,0001,2021-01-16 23:23:42.308,2,4950,4649,0,4652,4938,0
631,0001,2021-01-16 23:23:43.324,2,4950,4649,0,4652,4938,0
632,0001,2021-01-16 23:23:44.339,2,4950,4649,0,4652,4938,0
633,0001,2021-01-16 23:23:45.341,2,4950,4649,0,4652,4938,0
634,0001,2021-01-16 23:23:46.356,2,4950,4649,0,4652,4938,0
635,0001,2021-01-16 23:23:47.371,2,4950,4649,0,4652,4938,0
636,0001,2021-01-16 23:23:48.387,2,4950,4649,0,4652,4938,0
637,0001,2021-01-16 23:23:49.402,2,4950,4649,0,4652,4938,0
638,0001,2021-01-16 23:23:50.418,2,4950,4649,0,4652,4938,0
639,0001,2021-01-16 23:23:51.433,2,4950,4649,0,4652,4938,0
640,0001,2021-01-16 23:23:52.448,2,4950,4649,0,4652,4938,0
641,0001,2021-01-16 23:23:53.464,2,4950,4649,0,4652,4938,0
642,0001,2021-01-16 23:23:54.479,2,4950,4649,0,4652,4938,0
643,0001,2021-01-16 23:23:55.494,2,4950,4649,0,4652,4938,0
644,0001,2021-01-16 23:23:56.51,2,4950,4649,0,4652,4938,0
645,0001,2021-01-16 23:23:57.525,2,4950,4649,0,4652,4938,0
646,0001,2021-01-16 23:23:58.54,2,4950,4649,0,4652,4938,0
647,0001,2021-01-16 23:23:59.556,2,4950,4649,0,4652,4938,0
648,0001,2021-01-16 23:24:00.561,2,4950,4649,0,4652,4938,0
649,0001,2021-01-16 23:24:01.576,2,4950,4649,0,4652,4938,0
650,0001,2021-01-16 23:24:02.591,2,4950,4649,0,4652,4938,0
651,0001,2021-01-16 23:24:03.607,2,4950,4649,0,4652,4938,0
652,0001,2021-01-16 23:24:04.622,2,4950,4649,0,4652,4938,0
653,0001,2021-01-16 23:24:05.637,2,4950,4649,0,4652,4938,0
654,0001,2021-01-16 23:24:06.653,2,4950,4649,0,4652,4938,0
655,0001,2021-01-16 23:24:07.668,2,4950,4649,0,4652,4938,0
656,0001,2021-01-16 23:24:08.683,2,4950,4649,0,4652,4938,0
657,0001,2021-01-16 23:24:09.699,2,4950,4649,0,4652,4938,0
658,0001,2021-01-16 23:24:10.714,2,4950,4649,0,4652,4938,0
659,0001,2021-01-16 23:24:11.726,2,4950,4649,0,4652,4938,0
660,0001,2021-01-16 23:24:12.741,2,4950,4649,0,4652,4938,0
661,0001,2021-01-16 23:24:13.757,2,4950,4649,0,4652,4938,0
662,0001,2021-01-16 23:24:14.772,2,4950,4649,0,4652,4938,0
663,0001,2021-01-16 23:24:15.774,2,4950,4649,0,4652,4938,0
664,0001,2021-01-16 23:24:16.789,2,4950,4649,0,4652,4938,0
665,0001,2021-01-16 23:24:17.804,2,4950,4649,0,4652,4938,0
666,0001,2021-01-16 23:24:18.819,2,4950,4649,0,4652,4938,0
667,0001,2021-01-16 23:24:19.835,2,4950,4649,0,4652,4938,0
668,0001,2021-01-16 23:24:20.85,2,4950,4649,0,4652,4938,0
669,0001,2021-01-16 23:24:21.866,2,4950,4649,0,4652,4938,0
670,0001,2021-01-16 23:24:22.881,2,4950,4649,0,4652,4938,0
671,0001,2021-01-16 23:24:23.897,2,4950,4649,0,4652,4938,0
672,0001,2021-01-16 23:24:24.912,2,4950,4649,0,4652,4938,0
673,0001,2021-01-16 23:24:25.928,2,4950,4649,0,4652,4938,0
674,0001,2021-01-16 23:24:26.943,2,4950,4649,0,4652,4938,0
675,0001,2021-01-16 23:24:27.958,2,4950,4649,0,4652,4938,0
676,0001,2021-01-16 23:24:28.974,2,4950,4649,0,4652,4938,0
677,0001,2021-01-16 23:24:29.989,2,4950,4649,0,4652,4938,0
678,0001,2021-01-16 23:24:30.99,2,4950,4649,0,4652,4938,0
679,0001,2021-01-16 23:24:32.005,2,4950,4649,0,4652,4938,0
680,0001,2021-01-16 23:24:33.021,2,4950,4649,0,4652,4938,0
681,0001,2021-01-16 23:24:34.037,2,4950,4649,0,4652,4938,0
682,0001,2021-01-16 23:24:35.052,2,4950,4649,0,4652,4938,0
683,0001,2021-01-16 23:24:36.067,2,4950,4649,0,4652,4938,0
684,0001,2021-01-16 23:24:37.083,2,4950,4649,0,4652,4938,0
685,0001,2021-01-16 23:24:38.098,2,4950,4649,0,4652,4938,0
686,0001,2021-01-16 23:24:39.113,2,4950,4649,0,4652,4938,0
687,0001,2021-01-16 23:24:40.129,2,4950,4649,0,4652,4938,0
688,0001,2021-01-16 23:24:41.144,2,4950,4649,0,4652,4938,0
689,0001,2021-01-16 23:24:42.16,2,4950,4649,0,4652,4938,0
690,0001,2021-01-16 23:24:43.175,2,4950,4649,0,4652,4938,0
691,0001,2021-01-16 23:24:44.19,2,4950,4649,0,4652,4938,0
692,0001,2021-01-16 23:24:45.192,2,4950,4649,0,4652,4938,0
693,0001,2021-01-16 23:24:46.207,2,4950,4649,0,4652,4938,0
694,0001,2021-01-16 23:24:47.223,2,4950,4649,0,4652,4938,0
695,0001,2021-01-16 23:24:48.238,2,4950,4649,0,4652,4938,0
696,0001,2021-01-16 23:24:49.253,2,4950,4649,0,4652,4938,0
697,0001,2021-01-16 23:24:50.269,2,4950,4649,0,4652,4938,0
698,0001,2021-01-16 23:24:51.284,2,4950,4649,0,4652,4938,0
699,0001,2021-01-16 23:24:52.299,2,4950,4649,0,4652,4938,0
700,0001,2021-01-16 23:24:53.315,2,4950,4649,0,4652,4938,0
701,0001,2021-01-16 23:24:54.33,2,4950,4649,0,4652,4938,0
702,0001,2021-01-16 23:24:55.346,2,4950,4649,0,4652,4938,0
703,0001,2021-01-16 23:24:56.361,2,4950,4649,0,4652,4938,0
704,0001,2021-01-16 23:24:57.376,2,4950,4649,0,4652,4938,0
705,0001,2021-01-16 23:24:58.392,2,4950,4649,0,4652,4938,0
706,0001,2021-01-16 23:24:59.407,2,4950,4649,0,4652,4938,0
707,0001,2021-01-16 23:25:00.408,2,4950,4649,0,4652,4938,0
708,0001,2021-01-16 23:25:01.424,2,4950,4649,0,4652,4938,0
709,0001,2021-01-16 23:25:02.439,2,4950,4649,0,4652,4938,0
710,0001,2021-01-16 23:25:03.455,2,4950,4649,0,4652,4938,0
711,0001,2021-01-16 23:25:04.47,2,4950,4649,0,4652,4938,0
712,0001,2021-01-16 23:25:05.485,2,4950,4649,0,4652,4938,0
713,0001,2021-01-16 23:25:06.501,2,4950,4649,0,4652,4938,0
714,0001,2021-01-16 23:25:07.516,2,4950,4649,0,4652,4938,0
715,0001,2021-01-16 23:25:08.532,2,4950,4649,0,4652,4938,0
716,0001,2021-01-16 23:25:09.547,2,4950,4649,0,4652,4938,0
717,0001,2021-01-16 23:25:10.562,2,4950,4649,0,4652,4938,0
718,0001,2021-01-16 23:25:11.578,2,4950,4649,0,4652,4938,0
719,0001,2021-01-16 23:25:12.593,2,4950,4649,0,4652,4938,0
720,0001,2021-01-16 23:25:13.608,2,4950,4649,0,4652,4938,0
721,0001,2021-01-16 23:25:14.624,2,4950,4649,0,4652,4938,0
722,0001,2021-01-16 23:25:22.733,2,4950,4649,0,4652,4938,0
723,0001,2021-01-16 23:25:23.748,2,4950,4649,0,4652,4938,0
724,0001,2021-01-16 23:25:24.764,2,4950,4649,0,4652,4938,0
725,0001,2021-01-16 23:25:25.779,2,4950,4649,0,4652,4938,0
726,0001,2021-01-16 23:25:26.795,2,4950,4649,0,4652,4938,0
727,0001,2021-01-16 23:25:27.81,2,4950,4649,0,4652,4938,0
728,0001,2021-01-16 23:25:28.825,2,4950,4649,0,4652,4938,0
729,0001,2021-01-16 23:25:29.841,2,4950,4649,0,4652,4938,0
730,0001,2021-01-16 23:25:30.842,2,4950,4649,0,4652,4938,0
731,0001,2021-01-16 23:25:31.857,2,4950,4649,0,4652,4938,0
732,0001,2021-01-16 23:25:32.873,2,4950,4649,0,4652,4938,0
733,0001,2021-01-16 23:25:33.888,2,4950,4649,0,4652,4938,0
734,0001,2021-01-16 23:25:34.904,2,4950,4649,0,4652,4938,0
735,0001,2021-01-16 23:25:35.919,2,4950,4649,0,4652,4938,0
736,0001,2021-01-16 23:25:36.934,2,4950,4649,0,4652,4938,0
737,0001,2021-01-16 23:25:37.95,2,4950,4649,0,4652,4938,0
738,0001,2021-01-16 23:25:38.965,2,4950,4649,0,4652,4938,0
739,0001,2021-01-16 23:25:39.981,2,4950,4649,0,4652,4938,0
740,0001,2021-01-16 23:25:40.996,2,4950,4649,0,4652,4938,0
741,0001,2021-01-16 23:25:42.011,2,4950,4649,0,4652,4938,0
742,0001,2021-01-16 23:25:43.026,2,4950,4649,0,4652,4938,0
743,0001,2021-01-16 23:25:44.042,2,4950,4649,0,4652,4938,0
744,0001,2021-01-16 23:25:45.057,2,4950,4649,0,4652,4938,0
745,0001,2021-01-16 23:25:46.059,2,4950,4649,0,4652,4938,0
746,0001,2021-01-16 23:25:47.074,2,4950,4649,0,4652,4938,0
747,0001,2021-01-16 23:25:48.09,2,4950,4649,0,4652,4938,0
748,0001,2021-01-16 23:25:49.105,2,4950,4649,0,4652,4938,0
749,0001,2021-01-16 23:27:15.327,2,4950,4649,0,4652,4938,0
750,0001,2021-01-16 23:27:16.342,2,4950,4649,0,4652,4938,0
751,0001,2021-01-16 23:27:17.343,2,4950,4649,0,4652,4938,0
752,0001,2021-01-16 23:27:18.359,2,4950,4649,0,4652,4938,0
753,0001,2021-01-16 23:27:19.36,2,4950,4649,0,4652,4938,0
754,0001,2021-01-16 23:27:20.372,2,4950,4649,0,4652,4938,0
755,0001,2021-01-16 23:27:21.374,2,4950,4649,0,4652,4938,0
756,0001,2021-01-16 23:27:22.389,2,4950,4649,0,4652,4938,0
757,0001,2021-01-16 23:27:23.405,2,4950,4649,0,4652,4938,0
758,0001,2021-01-16 23:27:24.42,2,4950,4649,0,4652,4938,0
759,0001,2021-01-16 23:27:25.421,2,4950,4649,0,4652,4938,0
760,0001,2021-01-16 23:27:26.436,2,4950,4649,0,4652,4938,0
761,0001,2021-01-16 23:27:27.452,2,4950,4649,0,4652,4938,0
762,0001,2021-01-16 23:27:28.467,2,4950,4649,0,4652,4938,0
763,0001,2021-01-16 23:27:29.483,2,4950,4649,0,4652,4938,0
764,0001,2021-01-16 23:27:30.484,2,4950,4649,0,4652,4938,0
765,0001,2021-01-16 23:27:31.499,2,4950,4649,0,4652,4938,0
766,0001,2021-01-16 23:27:32.514,2,4950,4649,0,4652,4938,0
767,0001,2021-01-16 23:27:33.53,2,4950,4649,0,4652,4938,0
768,0001,2021-01-16 23:27:34.545,2,4950,4649,0,4652,4938,0
769,0001,2021-01-16 23:27:35.56,2,4950,4649,0,4652,4938,0
770,0001,2021-01-16 23:27:36.576,2,4950,4649,0,4652,4938,0
771,0001,2021-01-16 23:27:37.591,2,4950,4649,0,4652,4938,0
772,0001,2021-01-16 23:27:38.607,2,4950,4649,0,4652,4938,0
773,0001,2021-01-16 23:27:39.622,2,4950,4649,0,4652,4938,0
774,0001,2021-01-16 23:27:40.637,2,4950,4649,0,4652,4938,0
775,0001,2021-01-16 23:27:41.653,2,4950,4649,0,4652,4938,0
776,0001,2021-01-16 23:27:42.668,2,4950,4649,0,4652,4938,0
777,0001,2021-01-16 23:27:43.684,2,4950,4649,0,4652,4938,0
778,0001,2021-01-16 23:27:44.699,2,4950,4649,0,4652,4938,0
779,0001,2021-01-16 23:27:45.7,2,4950,4649,0,4652,4938,0
780,0001,2021-01-16 23:27:46.716,2,4950,4649,0,4652,4938,0
781,0001,2021-01-16 23:27:47.731,2,4950,4649,0,4652,4938,0
782,0001,2021-01-16 23:27:48.747,2,4950,4649,0,4652,4938,0
783,0001,2021-01-16 23:27:49.762,2,4950,4649,0,4652,4938,0
784,0001,2021-01-16 23:27:50.777,2,4950,4649,0,4652,4938,0
785,0001,2021-01-16 23:27:51.793,2,4950,4649,0,4652,4938,0
786,0001,2021-01-16 23:27:52.808,2,4950,4649,0,4652,4938,0
787,0001,2021-01-16 23:27:53.823,2,4950,4649,0,4652,4938,0
788,0001,2021-01-16 23:27:54.839,2,4950,4649,0,4652,4938,0
789,0001,2021-01-16 23:27:55.854,2,4950,4649,0,4652,4938,0
790,0001,2021-01-16 23:27:56.87,2,4950,4649,0,4652,4938,0
791,0001,2021-01-16 23:27:57.885,2,4950,4649,0,4652,4938,0
792,0001,2021-01-16 23:27:58.901,2,4950,4649,0,4652,4938,0
793,0001,2021-01-16 23:27:59.916,2,4950,4649,0,4652,4938,0
794,0001,2021-01-16 23:28:00.917,2,4950,4649,0,4652,4938,0
795,0001,2021-01-16 23:28:01.933,2,4950,4649,0,4652,4938,0
796,0001,2021-01-16 23:28:02.948,2,4950,4649,0,4652,4938,0
797,0001,2021-01-16 23:28:03.963,2,4950,4649,0,4652,4938,0
798,0001,2021-01-16 23:28:04.979,2,4950,4649,0,4652,4938,0
799,0001,2021-01-16 23:28:05.994,2,4950,4649,0,4652,4938,0
800,0001,2021-01-16 23:28:07.009,2,4950,4649,0,4652,4938,0
801,0001,2021-01-16 23:28:08.025,2,4950,4649,0,4652,4938,0
802,0001,2021-01-16 23:28:09.04,2,4950,4649,0,4652,4938,0
803,0001,2021-01-16 23:28:10.056,2,4950,4649,0,4652,4938,0
804,0001,2021-01-16 23:28:11.071,2,4950,4649,0,4652,4938,0
805,0001,2021-01-16 23:28:12.086,2,4950,4649,0,4652,4938,0
806,0001,2021-01-16 23:28:13.102,2,4950,4649,0,4652,4938,0
807,0001,2021-01-16 23:28:14.117,2,4950,4649,0,4652,4938,0
808,0001,2021-01-16 23:28:15.132,2,4950,4649,0,4652,4938,0
809,0001,2021-01-16 23:28:16.134,2,4950,4649,0,4652,4938,0
810,0001,2021-01-16 23:28:17.149,2,4950,4649,0,4652,4938,0
811,0001,2021-01-16 23:28:18.164,2,4950,4649,0,4652,4938,0
812,0001,2021-01-16 23:28:19.18,2,4950,4649,0,4652,4938,0
813,0001,2021-01-16 23:28:20.195,2,4950,4649,0,4652,4938,0
814,0001,2021-01-16 23:28:21.21,2,4950,4649,0,4652,4938,0
815,0001,2021-01-16 23:28:22.226,2,4950,4649,0,4652,4938,0
816,0001,2021-01-16 23:28:23.241,2,4950,4649,0,4652,4938,0
817,0001,2021-01-16 23:28:24.257,2,4950,4649,0,4652,4938,0
818,0001,2021-01-16 23:28:25.272,2,4950,4649,0,4652,4938,0
819,0001,2021-01-16 23:28:26.288,2,4950,4649,0,4652,4938,0
820,0001,2021-01-16 23:28:27.303,2,4950,4649,0,4652,4938,0
821,0001,2021-01-16 23:28:28.318,2,4950,4649,0,4652,4938,0
822,0001,2021-01-16 23:28:29.334,2,4950,4649,0,4652,4938,0
823,0001,2021-01-16 23:28:30.343,2,4950,4649,0,4652,4938,0
824,0001,2021-01-16 23:28:31.359,2,4950,4649,0,4652,4938,0
825,0001,2021-01-16 23:28:32.374,2,4950,4649,0,4652,4938,0
826,0001,2021-01-16 23:28:33.39,2,4950,4649,0,4652,4938,0
827,0001,2021-01-16 23:28:34.405,2,4950,4649,0,4652,4938,0
828,0001,2021-01-16 23:28:35.42,2,4950,4649,0,4652,4938,0
829,0001,2021-01-16 23:28:36.436,2,4950,4649,0,4652,4938,0
830,0001,2021-01-16 23:28:37.451,2,4950,4649,0,4652,4938,0
831,0001,2021-01-16 23:28:38.466,2,4950,4649,0,4652,4938,0
832,0001,2021-01-16 23:28:39.482,2,4950,4649,0,4652,4938,0
833,0001,2021-01-16 23:28:40.497,2,4950,4649,0,4652,4938,0
834,0001,2021-01-16 23:28:41.513,2,4950,4649,2,4652,4938,2
835,0001,2021-01-16 23:28:42.528,2,4950,4649,2,4652,4938,2
836,0001,2021-01-16 23:28:43.543,2,4950,4649,2,4652,4938,2
837,0001,2021-01-16 23:28:44.559,2,4950,4649,2,4652,4938,2
838,0001,2021-01-16 23:28:45.56,2,4950,4649,2,4652,4938,2
839,0001,2021-01-16 23:28:46.576,2,4950,4649,2,4652,4938,2
840,0001,2021-01-16 23:28:47.591,2,4950,4649,2,4652,4938,2
841,0001,2021-01-16 23:28:48.607,2,4950,4649,2,4652,4938,2
842,0001,2021-01-16 23:28:49.622,2,4950,4649,2,4652,4938,2
843,0001,2021-01-16 23:28:50.637,2,4950,4649,2,4652,4938,2
844,0001,2021-01-16 23:28:51.653,2,4950,4650,1,4653,4938,1
845,0001,2021-01-16 23:28:52.668,2,4950,4651,0,4654,4938,0
846,0001,2021-01-16 23:28:53.683,2,4950,4651,0,4654,4938,0
847,0001,2021-01-16 23:28:54.699,2,4950,4651,0,4654,4938,0
848,0001,2021-01-16 23:28:55.714,2,4950,4651,0,4654,4938,0
849,0001,2021-01-16 23:28:56.729,2,4950,4651,0,4654,4938,0
850,0001,2021-01-16 23:28:57.745,2,4950,4651,0,4654,4938,0
851,0001,2021-01-16 23:28:58.76,2,4950,4651,0,4654,4938,0
852,0001,2021-01-16 23:29:48.458,2,4950,4651,0,4654,4938,0
853,0001,2021-01-16 23:29:49.474,2,4950,4651,0,4654,4938,0
854,0001,2021-01-16 23:29:50.489,2,4950,4651,0,4654,4938,0
855,0001,2021-01-16 23:29:51.504,2,4950,4651,0,4654,4938,0
856,0001,2021-01-16 23:29:52.52,2,4950,4651,0,4654,4938,0
857,0001,2021-01-16 23:29:53.535,2,4950,4651,0,4654,4938,0
858,0001,2021-01-16 23:29:54.551,2,4950,4651,0,4654,4938,0
859,0001,2021-01-16 23:29:55.566,2,4950,4651,0,4654,4938,0
860,0001,2021-01-16 23:29:56.581,2,4950,4651,1,4654,4938,1
861,0001,2021-01-16 23:29:57.597,2,4950,4651,1,4654,4938,1
862,0001,2021-01-16 23:29:58.612,2,4950,4651,1,4654,4938,1
863,0001,2021-01-16 23:29:59.628,2,4950,4651,1,4654,4938,1
864,0001,2021-01-16 23:30:00.629,2,4950,4651,1,4654,4938,1
865,0001,2021-01-16 23:30:01.644,2,4950,4651,1,4654,4938,1
866,0001,2021-01-16 23:30:02.66,2,4950,4651,1,4654,4938,1
867,0001,2021-01-16 23:30:03.675,2,4950,4651,1,4654,4938,1
868,0001,2021-01-16 23:30:04.69,2,4950,4651,1,4654,4938,1
869,0001,2021-01-16 23:30:05.706,2,4950,4651,1,4654,4938,1
870,0001,2021-01-16 23:30:06.721,2,4950,4652,0,4655,4938,0
871,0001,2021-01-16 23:30:07.736,2,4950,4652,0,4655,4938,0
872,0001,2021-01-16 23:30:08.752,2,4950,4652,0,4655,4938,0
873,0001,2021-01-16 23:30:09.767,2,4950,4652,0,4655,4938,0
874,0001,2021-01-16 23:30:10.782,2,4950,4652,0,4655,4938,0
875,0001,2021-01-16 23:30:11.798,2,4950,4652,0,4655,4938,0
876,0001,2021-01-16 23:30:13.829,2,4950,4652,0,4655,4938,0
877,0001,2021-01-16 23:30:14.844,2,4950,4652,0,4655,4938,0
878,0001,2021-01-16 23:30:15.846,2,4950,4652,0,4655,4938,0
879,0001,2021-01-16 23:30:30.061,2,4950,4652,0,4655,4938,0
880,0001,2021-01-16 23:30:31.062,2,4950,4652,0,4655,4938,0
881,0001,2021-01-16 23:30:32.078,2,4950,4652,0,4655,4938,0
882,0001,2021-01-16 23:30:33.093,2,4950,4652,0,4655,4938,0
883,0001,2021-01-16 23:30:34.109,2,4950,4652,0,4655,4938,0
884,0001,2021-01-16 23:30:35.124,2,4950,4652,0,4655,4938,0
885,0001,2021-01-16 23:30:36.139,2,4950,4652,0,4655,4938,0
886,0001,2021-01-16 23:30:37.155,2,4950,4652,0,4655,4938,0
887,0001,2021-01-16 23:30:42.232,2,4950,4652,0,4655,4938,0
888,0001,2021-01-16 23:30:43.247,2,4950,4652,0,4655,4938,0
889,0001,2021-01-16 23:30:44.263,2,4950,4652,0,4655,4938,0
890,0001,2021-01-16 23:30:45.272,2,4950,4652,0,4655,4938,0
891,0001,2021-01-16 23:30:46.288,2,4950,4652,0,4655,4938,0
892,0001,2021-01-16 23:30:47.303,2,4950,4652,0,4655,4938,0
893,0001,2021-01-16 23:30:48.318,2,4950,4652,0,4655,4938,0
894,0001,2021-01-16 23:30:49.334,2,4950,4652,0,4655,4938,0
895,0001,2021-01-16 23:30:50.349,2,4950,4652,0,4655,4938,0
896,0001,2021-01-16 23:30:51.364,2,4950,4652,0,4655,4938,0
897,0001,2021-01-16 23:30:52.38,2,4950,4652,0,4655,4938,0
898,0001,2021-01-16 23:30:53.395,2,4950,4652,0,4655,4938,0
899,0001,2021-01-16 23:30:54.411,2,4950,4652,0,4655,4938,0
900,0001,2021-01-16 23:30:55.426,2,4950,4652,0,4655,4938,0
901,0001,2021-01-16 23:30:56.441,2,4950,4652,0,4655,4938,0
902,0001,2021-01-16 23:30:57.457,2,4950,4652,0,4655,4938,0
903,0001,2021-01-16 23:30:58.472,2,4950,4652,0,4655,4938,0
904,0001,2021-01-16 23:30:59.488,2,4950,4652,0,4655,4938,0
905,0001,2021-01-16 23:31:00.489,2,4950,4652,0,4655,4938,0
906,0001,2021-01-16 23:31:01.504,2,4950,4652,0,4655,4938,0
907,0001,2021-01-16 23:31:02.519,2,4950,4652,0,4655,4938,0
908,0001,2021-01-16 23:31:03.535,2,4950,4652,0,4655,4938,0
909,0001,2021-01-16 23:31:04.55,2,4950,4652,0,4655,4938,0
910,0001,2021-01-16 23:31:05.566,2,4950,4652,0,4655,4938,0
911,0001,2021-01-16 23:31:06.581,2,4950,4652,0,4655,4938,0
912,0001,2021-01-16 23:31:07.597,2,4950,4652,0,4655,4938,0
913,0001,2021-01-16 23:31:08.612,2,4950,4652,0,4655,4938,0
914,0001,2021-01-16 23:31:09.627,2,4950,4652,0,4655,4938,0
915,0001,2021-01-16 23:31:10.643,2,4950,4652,0,4655,4938,0
916,0001,2021-01-16 23:31:11.658,2,4950,4652,0,4655,4938,0
917,0001,2021-01-16 23:31:12.673,2,4950,4652,0,4655,4938,0
918,0001,2021-01-16 23:31:13.689,2,4950,4652,0,4655,4938,0
919,0001,2021-01-16 23:31:14.704,2,4950,4652,0,4655,4938,0
920,0001,2021-01-16 23:31:15.706,2,4950,4652,0,4655,4938,0
921,0001,2021-01-16 23:31:16.721,2,4950,4652,0,4655,4938,0
922,0001,2021-01-16 23:31:17.736,2,4950,4652,0,4655,4938,0
923,0001,2021-01-16 23:31:18.752,2,4950,4652,0,4655,4938,0
924,0001,2021-01-16 23:31:19.767,2,4950,4652,0,4655,4938,0
925,0001,2021-01-16 23:31:20.783,2,4950,4652,0,4655,4938,0
926,0001,2021-01-16 23:31:21.798,2,4950,4652,0,4655,4938,0
927,0001,2021-01-16 23:31:22.813,2,4950,4652,0,4655,4938,0
928,0001,2021-01-16 23:31:23.829,2,4950,4652,0,4655,4938,0
929,0001,2021-01-16 23:31:24.844,2,4950,4652,0,4655,4938,0
930,0001,2021-01-16 23:31:25.86,2,4950,4652,0,4655,4938,0
931,0001,2021-01-16 23:31:26.875,2,4950,4652,0,4655,4938,0
932,0001,2021-01-16 23:31:27.89,2,4950,4652,0,4655,4938,0
933,0001,2021-01-16 23:31:28.905,2,4950,4652,0,4655,4938,0
934,0001,2021-01-16 23:31:29.921,2,4950,4652,0,4655,4938,0
935,0001,2021-01-16 23:31:30.922,2,4950,4652,0,4655,4938,0
936,0001,2021-01-16 23:31:31.938,2,4950,4652,0,4655,4938,0
937,0001,2021-01-16 23:31:32.953,2,4950,4652,0,4655,4938,0
938,0001,2021-01-16 23:31:33.968,2,4950,4652,0,4655,4938,0
939,0001,2021-01-16 23:31:34.984,2,4950,4652,0,4655,4938,0
940,0001,2021-01-16 23:31:35.999,2,4950,4652,0,4655,4938,0
941,0001,2021-01-16 23:31:37.014,2,4950,4652,0,4655,4938,0
942,0001,2021-01-16 23:31:38.03,2,4950,4652,0,4655,4938,0
943,0001,2021-01-16 23:31:39.045,2,4950,4652,0,4655,4938,0
944,0001,2021-01-16 23:31:40.061,2,4950,4652,0,4655,4938,0
945,0001,2021-01-16 23:31:41.076,2,4950,4652,0,4655,4938,0
946,0001,2021-01-16 23:31:42.091,2,4950,4652,0,4655,4938,0
947,0001,2021-01-16 23:31:43.107,2,4950,4652,0,4655,4938,0
948,0001,2021-01-16 23:31:44.122,2,4950,4652,0,4655,4938,0
949,0001,2021-01-16 23:31:45.137,2,4950,4652,0,4655,4938,0
950,0001,2021-01-16 23:31:46.139,2,4950,4652,0,4655,4938,0
951,0001,2021-01-16 23:31:47.154,2,4950,4652,0,4655,4938,0
952,0001,2021-01-16 23:31:48.17,2,4950,4652,0,4655,4938,0
953,0001,2021-01-16 23:31:49.185,2,4950,4652,0,4655,4938,0
954,0001,2021-01-16 23:31:50.2,2,4950,4652,0,4655,4938,0
955,0001,2021-01-16 23:31:51.216,2,4950,4652,0,4655,4938,0
956,0001,2021-01-16 23:31:52.231,2,4950,4652,0,4655,4938,0
957,0001,2021-01-16 23:31:53.247,2,4950,4652,0,4655,4938,0
958,0001,2021-01-16 23:31:54.262,2,4950,4652,0,4655,4938,0
959,0001,2021-01-16 23:31:55.277,2,4950,4652,0,4655,4938,0
960,0001,2021-01-16 23:31:56.293,2,4950,4652,0,4655,4938,0
961,0001,2021-01-16 23:31:57.308,2,4950,4652,0,4655,4938,0
962,0001,2021-01-16 23:31:58.323,2,4950,4652,0,4655,4938,0
963,0001,2021-01-16 23:31:59.339,2,4950,4652,0,4655,4938,0
964,0001,2021-01-16 23:32:00.34,2,4950,4652,0,4655,4938,0
965,0001,2021-01-16 23:32:01.355,2,4950,4652,0,4655,4938,0
966,0001,2021-01-16 23:32:02.371,2,4950,4652,0,4655,4938,0
967,0001,2021-01-16 23:32:03.386,2,4950,4652,0,4655,4938,0
968,0001,2021-01-16 23:32:04.402,2,4950,4652,0,4655,4938,0
969,0001,2021-01-16 23:32:05.417,2,4950,4652,0,4655,4938,0
970,0001,2021-01-16 23:32:06.432,2,4950,4652,0,4655,4938,0
971,0001,2021-01-16 23:32:07.448,2,4950,4652,0,4655,4938,0
972,0001,2021-01-16 23:32:08.463,2,4950,4652,0,4655,4938,0
973,0001,2021-01-16 23:32:09.479,2,4950,4652,0,4655,4938,0
974,0001,2021-01-16 23:32:10.494,2,4950,4652,0,4655,4938,0
975,0001,2021-01-16 23:32:11.509,2,4950,4652,0,4655,4938,0
976,0001,2021-01-16 23:32:12.525,2,4950,4652,0,4655,4938,0
977,0001,2021-01-16 23:32:13.54,2,4950,4652,0,4655,4938,0
978,0001,2021-01-16 23:32:14.555,2,4950,4652,0,4655,4938,0
979,0001,2021-01-16 23:32:15.556,2,4950,4652,0,4655,4938,0
980,0001,2021-01-16 23:32:16.572,2,4950,4652,0,4655,4938,0
981,0001,2021-01-16 23:32:17.587,2,4950,4652,0,4655,4938,0
982,0001,2021-01-16 23:32:18.602,2,4950,4652,0,4655,4938,0
983,0001,2021-01-16 23:32:19.618,2,4950,4652,0,4655,4938,0
984,0001,2021-01-16 23:32:20.633,2,4950,4652,0,4655,4938,0
985,0001,2021-01-16 23:32:21.649,2,4950,4652,0,4655,4938,0
986,0001,2021-01-16 23:32:22.664,2,4950,4652,0,4655,4938,0
987,0001,2021-01-16 23:32:23.679,2,4950,4652,0,4655,4938,0
988,0001,2021-01-16 23:32:24.695,2,4950,4652,0,4655,4938,0
989,0001,2021-01-16 23:32:25.71,2,4950,4652,0,4655,4938,0
990,0001,2021-01-16 23:32:26.726,2,4950,4652,0,4655,4938,0
991,0001,2021-01-16 23:32:27.741,2,4950,4652,0,4655,4938,0
992,0001,2021-01-16 23:32:28.757,2,4950,4652,0,4655,4938,0
993,0001,2021-01-16 23:32:29.772,2,4950,4652,0,4655,4938,0
994,0001,2021-01-16 23:32:30.773,2,4950,4652,0,4655,4938,0
995,0001,2021-01-16 23:32:31.789,2,4950,4652,0,4655,4938,0
996,0001,2021-01-16 23:32:32.804,2,4950,4652,0,4655,4938,0
997,0001,2021-01-16 23:32:33.819,2,4950,4652,0,4655,4938,0
998,0001,2021-01-16 23:32:34.835,2,4950,4652,0,4655,4938,0
999,0001,2021-01-16 23:32:35.85,2,4950,4652,0,4655,4938,0
1000,0001,2021-01-16 23:32:36.866,2,4950,4652,0,4655,4938,0
1001,0001,2021-01-16 23:32:37.881,2,4950,4652,0,4655,4938,0
1002,0001,2021-01-16 23:32:38.896,2,4950,4652,0,4655,4938,0
1003,0001,2021-01-16 23:32:39.912,2,4950,4652,0,4655,4938,0
1004,0001,2021-01-16 23:32:40.927,2,4950,4652,0,4655,4938,0
1005,0001,2021-01-16 23:32:41.942,2,4950,4652,0,4655,4938,0
1006,0001,2021-01-16 23:32:42.958,2,4950,4652,0,4655,4938,0
1007,0001,2021-01-16 23:32:43.973,2,4950,4652,0,4655,4938,0
1008,0001,2021-01-16 23:32:44.989,2,4950,4652,0,4655,4938,0
1009,0001,2021-01-16 23:32:45.998,2,4950,4652,0,4655,4938,0
1010,0001,2021-01-16 23:32:47.013,2,4950,4652,0,4655,4938,0
1011,0001,2021-01-16 23:32:48.028,2,4950,4652,0,4655,4938,0
1012,0001,2021-01-16 23:32:49.044,2,4950,4652,0,4655,4938,0
1013,0001,2021-01-16 23:32:50.059,2,4950,4652,0,4655,4938,0
1014,0001,2021-01-16 23:32:51.075,2,4950,4652,0,4655,4938,0
1015,0001,2021-01-16 23:32:52.09,2,4950,4652,0,4655,4938,0
1016,0001,2021-01-16 23:32:53.106,2,4950,4652,0,4655,4938,0
1017,0001,2021-01-16 23:32:54.121,2,4950,4652,0,4655,4938,0
1018,0001,2021-01-16 23:32:55.136,2,4950,4652,0,4655,4938,0
1019,0001,2021-01-16 23:32:56.152,2,4950,4652,0,4655,4938,0
1020,0001,2021-01-16 23:32:57.167,2,4950,4652,0,4655,4938,0
1021,0001,2021-01-16 23:32:58.183,2,4950,4652,0,4655,4938,0
1022,0001,2021-01-16 23:32:59.198,2,4950,4652,0,4655,4938,0
1023,0001,2021-01-16 23:33:00.199,2,4950,4652,0,4655,4938,0
1024,0001,2021-01-16 23:33:01.214,2,4950,4652,0,4655,4938,0
1025,0001,2021-01-16 23:33:02.23,2,4950,4652,0,4655,4938,0
1026,0001,2021-01-16 23:33:03.245,2,4950,4652,0,4655,4938,0
1027,0001,2021-01-16 23:33:04.26,2,4950,4652,0,4655,4938,0
1028,0001,2021-01-16 23:33:05.276,2,4950,4652,0,4655,4938,0
1029,0001,2021-01-16 23:33:06.291,2,4950,4652,0,4655,4938,0
1030,0001,2021-01-16 23:33:07.307,2,4950,4652,0,4655,4938,0
1031,0001,2021-01-16 23:33:08.322,2,4950,4652,0,4655,4938,0
1032,0001,2021-01-16 23:33:09.338,2,4950,4652,0,4655,4938,0
1033,0001,2021-01-16 23:33:10.353,2,4950,4652,0,4655,4938,0
1034,0001,2021-01-16 23:33:11.368,2,4950,4652,0,4655,4938,0
1035,0001,2021-01-16 23:33:12.384,2,4950,4652,0,4655,4938,0
1036,0001,2021-01-16 23:33:13.399,2,4950,4652,0,4655,4938,0
1037,0001,2021-01-16 23:33:14.415,2,4950,4652,0,4655,4938,0
1038,0001,2021-01-16 23:33:15.416,2,4950,4652,0,4655,4938,0
1039,0001,2021-01-16 23:33:16.431,2,4950,4652,0,4655,4938,0
1040,0001,2021-01-16 23:33:17.447,2,4950,4652,0,4655,4938,0
1041,0001,2021-01-16 23:33:18.462,2,4950,4652,0,4655,4938,0
1042,0001,2021-01-16 23:33:19.477,2,4950,4652,0,4655,4938,0
1043,0001,2021-01-16 23:33:20.493,2,4950,4652,0,4655,4938,0
1044,0001,2021-01-16 23:33:21.508,2,4950,4652,0,4655,4938,0
1045,0001,2021-01-16 23:33:22.524,2,4950,4652,0,4655,4938,0
1046,0001,2021-01-16 23:33:23.539,2,4950,4652,0,4655,4938,0
1047,0001,2021-01-16 23:33:24.554,2,4950,4652,0,4655,4938,0
1048,0001,2021-01-16 23:33:25.57,2,4950,4652,0,4655,4938,0
1049,0001,2021-01-16 23:33:26.585,2,4950,4652,0,4655,4938,0
1050,0001,2021-01-16 23:33:27.601,2,4950,4652,0,4655,4938,0
1051,0001,2021-01-16 23:33:28.616,2,4950,4652,0,4655,4938,0
1052,0001,2021-01-16 23:33:29.631,2,4950,4652,0,4655,4938,0
1053,0001,2021-01-16 23:33:30.633,2,4950,4652,0,4655,4938,0
1054,0001,2021-01-16 23:33:31.648,2,4950,4652,0,4655,4938,0
1055,0001,2021-01-16 23:33:32.664,2,4950,4652,0,4655,4938,0
1056,0001,2021-01-16 23:33:33.679,2,4950,4652,0,4655,4938,0
1057,0001,2021-01-16 23:33:34.694,2,4950,4652,0,4655,4938,0
1058,0001,2021-01-16 23:33:35.71,2,4950,4652,0,4655,4938,0
1059,0001,2021-01-16 23:33:36.725,2,4950,4652,0,4655,4938,0
1060,0001,2021-01-16 23:33:37.74,2,4950,4652,0,4655,4938,0
1061,0001,2021-01-16 23:33:38.756,2,4950,4652,0,4655,4938,0
1062,0001,2021-01-16 23:33:39.771,2,4950,4652,0,4655,4938,0
1063,0001,2021-01-16 23:33:40.787,2,4950,4652,0,4655,4938,0
1064,0001,2021-01-16 23:33:41.802,2,4950,4652,0,4655,4938,0
1065,0001,2021-01-16 23:33:42.817,2,4950,4652,0,4655,4938,0
1066,0001,2021-01-16 23:33:43.833,2,4950,4652,0,4655,4938,0
1067,0001,2021-01-16 23:33:44.848,2,4950,4652,0,4655,4938,0
1068,0001,2021-01-16 23:33:45.85,2,4950,4652,0,4655,4938,0
1069,0001,2021-01-16 23:33:46.865,2,4950,4652,0,4655,4938,0
1070,0001,2021-01-16 23:33:47.88,2,4950,4652,0,4655,4938,0
1071,0001,2021-01-16 23:33:48.896,2,4950,4652,0,4655,4938,0
1072,0001,2021-01-16 23:33:49.911,2,4950,4652,0,4655,4938,0
1073,0001,2021-01-16 23:33:50.926,2,4950,4652,0,4655,4938,0
1074,0001,2021-01-16 23:33:51.942,2,4950,4652,0,4655,4938,0
1075,0001,2021-01-16 23:33:52.957,2,4950,4652,0,4655,4938,0
1076,0001,2021-01-16 23:33:53.973,2,4950,4652,0,4655,4938,0
1077,0001,2021-01-16 23:33:54.988,2,4950,4652,0,4655,4938,0
1078,0001,2021-01-16 23:33:56.003,2,4950,4652,0,4655,4938,0
1079,0001,2021-01-16 23:33:57.019,2,4950,4652,0,4655,4938,0
1080,0001,2021-01-16 23:33:58.034,2,4950,4652,0,4655,4938,0
1081,0001,2021-01-16 23:33:59.05,2,4950,4652,0,4655,4938,0
1082,0001,2021-01-16 23:34:00.065,2,4950,4652,0,4655,4938,0
1083,0001,2021-01-16 23:34:01.066,2,4950,4652,0,4655,4938,0
1084,0001,2021-01-16 23:34:02.082,2,4950,4652,0,4655,4938,0
1085,0001,2021-01-16 23:34:03.097,2,4950,4652,0,4655,4938,0
1086,0001,2021-01-16 23:34:04.112,2,4950,4652,0,4655,4938,0
1087,0001,2021-01-16 23:34:05.127,2,4950,4652,0,4655,4938,0
1088,0001,2021-01-16 23:34:06.143,2,4950,4652,0,4655,4938,0
1089,0001,2021-01-16 23:34:07.159,2,4950,4652,0,4655,4938,0
1090,0001,2021-01-16 23:34:08.174,2,4950,4652,0,4655,4938,0
1091,0001,2021-01-16 23:34:09.189,2,4950,4652,0,4655,4938,0
1092,0001,2021-01-16 23:34:10.205,2,4950,4652,0,4655,4938,0
1093,0001,2021-01-16 23:34:11.22,2,4950,4652,0,4655,4938,0
1094,0001,2021-01-16 23:34:12.233,2,4950,4652,0,4655,4938,0
1095,0001,2021-01-16 23:34:13.248,2,4950,4652,0,4655,4938,0
1096,0001,2021-01-16 23:34:14.264,2,4950,4652,0,4655,4938,0
1097,0001,2021-01-16 23:34:15.265,2,4950,4652,0,4655,4938,0
1098,0001,2021-01-16 23:34:16.28,2,4950,4652,0,4655,4938,0
1099,0001,2021-01-16 23:34:17.296,2,4950,4652,0,4655,4938,0
1100,0001,2021-01-16 23:34:18.311,2,4950,4652,0,4655,4938,0
1101,0001,2021-01-16 23:34:19.327,2,4950,4652,0,4655,4938,0
1102,0001,2021-01-16 23:34:20.342,2,4950,4652,0,4655,4938,0
1103,0001,2021-01-16 23:34:21.357,2,4950,4652,0,4655,4938,0
1104,0001,2021-01-16 23:34:22.373,2,4950,4652,0,4655,4938,0
1105,0001,2021-01-16 23:34:23.388,2,4950,4652,0,4655,4938,0
1106,0001,2021-01-16 23:34:24.404,2,4950,4652,0,4655,4938,0
1107,0001,2021-01-16 23:34:25.419,2,4950,4652,0,4655,4938,0
1108,0001,2021-01-16 23:34:26.434,2,4950,4652,0,4655,4938,0
1109,0001,2021-01-16 23:34:27.45,2,4950,4652,0,4655,4938,0
1110,0001,2021-01-16 23:34:28.465,2,4950,4652,0,4655,4938,0
1111,0001,2021-01-16 23:34:29.48,2,4950,4652,0,4655,4938,0
1112,0001,2021-01-16 23:34:30.482,2,4950,4652,0,4655,4938,0
1113,0001,2021-01-16 23:34:31.497,2,4950,4652,0,4655,4938,0
1114,0001,2021-01-16 23:34:32.512,2,4950,4652,0,4655,4938,0
1115,0001,2021-01-16 23:34:33.528,2,4950,4652,0,4655,4938,0
1116,0001,2021-01-16 23:34:34.543,2,4950,4652,0,4655,4938,0
1117,0001,2021-01-16 23:34:35.559,2,4950,4652,0,4655,4938,0
1118,0001,2021-01-16 23:34:36.574,2,4950,4652,0,4655,4938,0
1119,0001,2021-01-16 23:34:37.589,2,4950,4652,0,4655,4938,0
1120,0001,2021-01-16 23:34:38.605,2,4950,4652,0,4655,4938,0
1121,0001,2021-01-16 23:34:39.62,2,4950,4652,0,4655,4938,0
1122,0001,2021-01-16 23:34:40.636,2,4950,4652,0,4655,4938,0
1123,0001,2021-01-16 23:34:41.651,2,4950,4652,0,4655,4938,0
1124,0001,2021-01-16 23:34:42.666,2,4950,4652,0,4655,4938,0
1125,0001,2021-01-16 23:34:43.682,2,4950,4652,0,4655,4938,0
1126,0001,2021-01-16 23:34:44.697,2,4950,4652,0,4655,4938,0
1127,0001,2021-01-16 23:34:45.699,2,4950,4652,0,4655,4938,0
1128,0001,2021-01-16 23:34:46.714,2,4950,4652,0,4655,4938,0
1129,0001,2021-01-16 23:34:47.729,2,4950,4652,0,4655,4938,0
1130,0001,2021-01-16 23:34:48.745,2,4950,4652,0,4655,4938,0
1131,0001,2021-01-16 23:34:49.76,2,4950,4652,0,4655,4938,0
1132,0001,2021-01-16 23:34:50.775,2,4950,4652,0,4655,4938,0
1133,0001,2021-01-16 23:34:51.791,2,4950,4652,0,4655,4938,0
1134,0001,2021-01-16 23:34:52.806,2,4950,4652,0,4655,4938,0
1135,0001,2021-01-16 23:34:53.822,2,4950,4652,0,4655,4938,0
1136,0001,2021-01-16 23:34:54.837,2,4950,4652,0,4655,4938,0
1137,0001,2021-01-16 23:34:55.852,2,4950,4652,0,4655,4938,0
1138,0001,2021-01-16 23:34:56.868,2,4950,4652,0,4655,4938,0
1139,0001,2021-01-16 23:34:57.883,2,4950,4652,0,4655,4938,0
1140,0001,2021-01-16 23:34:58.898,2,4950,4652,0,4655,4938,0
1141,0001,2021-01-16 23:34:59.914,2,4950,4652,0,4655,4938,0
1142,0001,2021-01-16 23:35:00.922,2,4950,4652,0,4655,4938,0
1143,0001,2021-01-16 23:35:01.938,2,4950,4652,0,4655,4938,0
1144,0001,2021-01-16 23:35:02.953,2,4950,4652,0,4655,4938,0
1145,0001,2021-01-16 23:35:03.968,2,4950,4652,0,4655,4938,0
1146,0001,2021-01-16 23:35:04.984,2,4950,4652,0,4655,4938,0
1147,0001,2021-01-16 23:35:05.999,2,4950,4652,0,4655,4938,0
1148,0001,2021-01-16 23:35:07.015,2,4950,4652,0,4655,4938,0
1149,0001,2021-01-16 23:35:08.03,2,4950,4652,0,4655,4938,0
1150,0001,2021-01-16 23:35:09.045,2,4950,4652,0,4655,4938,0
1151,0001,2021-01-16 23:35:10.061,2,4950,4652,0,4655,4938,0
1152,0001,2021-01-16 23:35:11.076,2,4950,4652,0,4655,4938,0
1153,0001,2021-01-16 23:35:12.091,2,4950,4652,0,4655,4938,0
1154,0001,2021-01-16 23:35:13.107,2,4950,4652,0,4655,4938,0
1155,0001,2021-01-16 23:35:14.122,2,4950,4652,0,4655,4938,0
1156,0001,2021-01-16 23:35:15.138,2,4950,4652,0,4655,4938,0
1157,0001,2021-01-16 23:35:16.139,2,4950,4652,0,4655,4938,0
1158,0001,2021-01-16 23:35:17.154,2,4950,4652,0,4655,4938,0
1159,0001,2021-01-16 23:35:18.17,2,4950,4652,0,4655,4938,0
1160,0001,2021-01-16 23:35:19.185,2,4950,4652,0,4655,4938,0
1161,0001,2021-01-16 23:35:20.2,2,4950,4652,0,4655,4938,0
1162,0001,2021-01-16 23:35:21.216,2,4950,4652,0,4655,4938,0
1163,0001,2021-01-16 23:35:22.231,2,4950,4652,0,4655,4938,0
1164,0001,2021-01-16 23:35:23.247,2,4950,4652,0,4655,4938,0
1165,0001,2021-01-16 23:35:24.262,2,4950,4652,0,4655,4938,0
1166,0001,2021-01-16 23:35:25.277,2,4950,4652,0,4655,4938,0
1167,0001,2021-01-16 23:35:26.293,2,4950,4652,0,4655,4938,0
1168,0001,2021-01-16 23:35:27.308,2,4950,4652,0,4655,4938,0
1169,0001,2021-01-16 23:35:28.323,2,4950,4652,0,4655,4938,0
1170,0001,2021-01-16 23:35:29.339,2,4950,4652,0,4655,4938,0
1171,0001,2021-01-16 23:35:30.34,2,4950,4652,0,4655,4938,0
1172,0001,2021-01-16 23:35:31.356,2,4950,4652,0,4655,4938,0
1173,0001,2021-01-16 23:35:32.371,2,4950,4652,0,4655,4938,0
1174,0001,2021-01-16 23:35:33.386,2,4950,4652,0,4655,4938,0
1175,0001,2021-01-16 23:35:34.401,2,4950,4652,0,4655,4938,0
1176,0001,2021-01-16 23:35:35.417,2,4950,4652,0,4655,4938,0
1177,0001,2021-01-16 23:35:36.433,2,4950,4652,0,4655,4938,0
1178,0001,2021-01-16 23:35:37.448,2,4950,4652,0,4655,4938,0
1179,0001,2021-01-16 23:35:38.463,2,4950,4652,0,4655,4938,0
1180,0001,2021-01-16 23:35:39.479,2,4950,4652,0,4655,4938,0
1181,0001,2021-01-16 23:35:40.494,2,4950,4652,0,4655,4938,0
1182,0001,2021-01-16 23:35:41.509,2,4950,4652,0,4655,4938,0
1183,0001,2021-01-16 23:35:42.525,2,4950,4652,0,4655,4938,0
1184,0001,2021-01-16 23:35:43.54,2,4950,4652,0,4655,4938,0
1185,0001,2021-01-16 23:35:44.556,2,4950,4652,0,4655,4938,0
1186,0001,2021-01-16 23:35:45.557,2,4950,4652,0,4655,4938,0
1187,0001,2021-01-16 23:35:46.572,2,4950,4652,0,4655,4938,0
1188,0001,2021-01-16 23:35:47.588,2,4950,4652,0,4655,4938,0
1189,0001,2021-01-16 23:35:48.603,2,4950,4652,0,4655,4938,0
1190,0001,2021-01-16 23:35:49.619,2,4950,4652,0,4655,4938,0
1191,0001,2021-01-16 23:35:50.634,2,4950,4652,0,4655,4938,0
1192,0001,2021-01-16 23:35:51.649,2,4950,4652,0,4655,4938,0
1193,0001,2021-01-16 23:35:52.665,2,4950,4652,0,4655,4938,0
1194,0001,2021-01-16 23:35:53.68,2,4950,4652,0,4655,4938,0
1195,0001,2021-01-16 23:35:54.695,2,4950,4652,0,4655,4938,0
1196,0001,2021-01-16 23:35:55.711,2,4950,4652,0,4655,4938,0
1197,0001,2021-01-16 23:35:56.726,2,4950,4652,0,4655,4938,0
1198,0001,2021-01-16 23:35:57.742,2,4950,4652,0,4655,4938,0
1199,0001,2021-01-16 23:35:58.757,2,4950,4652,0,4655,4938,0
1200,0001,2021-01-16 23:35:59.772,2,4950,4652,0,4655,4938,0
1201,0001,2021-01-16 23:36:00.774,2,4950,4652,0,4655,4938,0
1202,0001,2021-01-16 23:36:01.789,2,4950,4652,0,4655,4938,0
1203,0001,2021-01-16 23:36:02.805,2,4950,4652,0,4655,4938,0
1204,0001,2021-01-16 23:36:03.82,2,4950,4652,0,4655,4938,0
1205,0001,2021-01-16 23:36:04.835,2,4950,4652,0,4655,4938,0
1206,0001,2021-01-16 23:36:05.851,2,4950,4652,0,4655,4938,0
1207,0001,2021-01-16 23:36:06.866,2,4950,4652,0,4655,4938,0
1208,0001,2021-01-16 23:36:07.881,2,4950,4652,0,4655,4938,0
1209,0001,2021-01-16 23:36:08.897,2,4950,4652,0,4655,4938,0
1210,0001,2021-01-16 23:36:09.912,2,4950,4652,0,4655,4938,0
1211,0001,2021-01-16 23:36:10.928,2,4950,4652,0,4655,4938,0
1212,0001,2021-01-16 23:36:11.943,2,4950,4652,0,4655,4938,0
1213,0001,2021-01-16 23:36:12.958,2,4950,4652,0,4655,4938,0
1214,0001,2021-01-16 23:36:13.974,2,4950,4652,0,4655,4938,0
1215,0001,2021-01-16 23:36:14.989,2,4950,4652,0,4655,4938,0
1216,0001,2021-01-16 23:36:15.991,2,4950,4652,0,4655,4938,0
1217,0001,2021-01-16 23:36:17.006,2,4950,4652,0,4655,4938,0
1218,0001,2021-01-16 23:36:18.021,2,4950,4652,0,4655,4938,0
1219,0001,2021-01-16 23:36:19.037,2,4950,4652,0,4655,4938,0
1220,0001,2021-01-16 23:36:20.052,2,4950,4652,0,4655,4938,0
1221,0001,2021-01-16 23:36:21.067,2,4950,4652,0,4655,4938,0
1222,0001,2021-01-16 23:36:22.083,2,4950,4652,0,4655,4938,0
1223,0001,2021-01-16 23:36:23.098,2,4950,4652,0,4655,4938,0
1224,0001,2021-01-16 23:36:24.114,2,4950,4652,0,4655,4938,0
1225,0001,2021-01-16 23:36:25.129,2,4950,4652,0,4655,4938,0
1226,0001,2021-01-16 23:36:26.144,2,4950,4652,0,4655,4938,0
1227,0001,2021-01-16 23:36:27.16,2,4950,4652,0,4655,4938,0
1228,0001,2021-01-16 23:36:28.175,2,4950,4652,0,4655,4938,0
1229,0001,2021-01-16 23:36:29.191,2,4950,4652,0,4655,4938,0
1230,0001,2021-01-16 23:36:30.192,2,4950,4652,0,4655,4938,0
1231,0001,2021-01-16 23:36:31.207,2,4950,4652,0,4655,4938,0
1232,0001,2021-01-16 23:36:32.223,2,4950,4652,0,4655,4938,0
1233,0001,2021-01-16 23:36:33.238,2,4950,4652,0,4655,4938,0
1234,0001,2021-01-16 23:36:34.254,2,4950,4652,0,4655,4938,0
1235,0001,2021-01-16 23:36:35.269,2,4950,4652,0,4655,4938,0
1236,0001,2021-01-16 23:36:36.284,2,4950,4652,0,4655,4938,0
1237,0001,2021-01-16 23:36:37.3,2,4950,4652,0,4655,4938,0
1238,0001,2021-01-16 23:36:38.315,2,4950,4652,0,4655,4938,0
1239,0001,2021-01-16 23:36:39.331,2,4950,4652,0,4655,4938,0
1240,0001,2021-01-16 23:36:40.346,2,4950,4652,0,4655,4938,0
1241,0001,2021-01-16 23:36:41.361,2,4950,4652,0,4655,4938,0
1242,0001,2021-01-16 23:36:42.377,2,4950,4652,0,4655,4938,0
1243,0001,2021-01-16 23:36:43.392,2,4950,4652,0,4655,4938,0
1244,0001,2021-01-16 23:36:44.407,2,4950,4652,0,4655,4938,0
1245,0001,2021-01-16 23:36:45.409,2,4950,4652,0,4655,4938,0
1246,0001,2021-01-16 23:36:46.424,2,4950,4652,0,4655,4938,0
1247,0001,2021-01-16 23:36:47.439,2,4950,4652,0,4655,4938,0
1248,0001,2021-01-16 23:36:48.455,2,4950,4652,0,4655,4938,0
1249,0001,2021-01-16 23:36:49.47,2,4950,4652,0,4655,4938,0
1250,0001,2021-01-16 23:36:50.486,2,4950,4652,0,4655,4938,0
1251,0001,2021-01-16 23:36:51.501,2,4950,4652,0,4655,4938,0
1252,0001,2021-01-16 23:36:52.516,2,4950,4652,0,4655,4938,0
1253,0001,2021-01-16 23:36:53.532,2,4950,4652,0,4655,4938,0
1254,0001,2021-01-16 23:36:54.547,2,4950,4652,0,4655,4938,0
1255,0001,2021-01-16 23:36:55.562,2,4950,4652,0,4655,4938,0
1256,0001,2021-01-16 23:36:56.578,2,4950,4652,0,4655,4938,0
1257,0001,2021-01-16 23:36:57.593,2,4950,4652,0,4655,4938,0
1258,0001,2021-01-16 23:36:58.608,2,4950,4652,0,4655,4938,0
1259,0001,2021-01-16 23:36:59.624,2,4950,4652,0,4655,4938,0
1260,0001,2021-01-16 23:37:00.625,2,4950,4652,0,4655,4938,0
1261,0001,2021-01-16 23:37:01.641,2,4950,4652,0,4655,4938,0
1262,0001,2021-01-16 23:37:02.656,2,4950,4652,0,4655,4938,0
1263,0001,2021-01-16 23:37:03.671,2,4950,4652,0,4655,4938,0
1264,0001,2021-01-16 23:37:04.687,2,4950,4652,0,4655,4938,0
1265,0001,2021-01-16 23:37:05.702,2,4950,4652,0,4655,4938,0
1266,0001,2021-01-16 23:37:06.718,2,4950,4652,0,4655,4938,0
1267,0001,2021-01-16 23:37:07.733,2,4950,4652,0,4655,4938,0
1268,0001,2021-01-16 23:37:08.748,2,4950,4652,0,4655,4938,0
1269,0001,2021-01-16 23:37:09.764,2,4950,4652,0,4655,4938,0
1270,0001,2021-01-16 23:37:10.779,2,4950,4652,0,4655,4938,0
1271,0001,2021-01-16 23:37:11.794,2,4950,4652,0,4655,4938,0
1272,0001,2021-01-16 23:37:12.81,2,4950,4652,0,4655,4938,0
1273,0001,2021-01-16 23:37:13.825,2,4950,4652,0,4655,4938,0
1274,0001,2021-01-16 23:37:14.841,2,4950,4652,0,4655,4938,0
1275,0001,2021-01-16 23:37:15.848,2,4950,4652,0,4655,4938,0
1276,0001,2021-01-16 23:37:16.863,2,4950,4652,0,4655,4938,0
1277,0001,2021-01-16 23:37:17.871,2,4950,4652,0,4655,4938,0
1278,0001,2021-01-16 23:37:18.886,2,4950,4652,0,4655,4938,0
1279,0001,2021-01-16 23:37:19.887,2,4950,4652,0,4655,4938,0
1280,0001,2021-01-16 23:37:20.9,2,4950,4652,0,4655,4938,0
1281,0001,2021-01-16 23:37:21.901,2,4950,4652,0,4655,4938,0
1282,0001,2021-01-16 23:37:22.916,2,4950,4652,0,4655,4938,0
1283,0001,2021-01-16 23:37:23.932,2,4950,4652,0,4655,4938,0
1284,0001,2021-01-16 23:37:24.947,2,4950,4652,0,4655,4938,0
1285,0001,2021-01-16 23:37:25.948,2,4950,4652,0,4655,4938,0
1286,0001,2021-01-16 23:37:26.964,2,4950,4652,0,4655,4938,0
1287,0001,2021-01-16 23:37:27.979,2,4950,4652,0,4655,4938,0
1288,0001,2021-01-16 23:37:28.995,2,4950,4652,0,4655,4938,0
1289,0001,2021-01-16 23:37:30.01,2,4950,4652,0,4655,4938,0
1290,0001,2021-01-16 23:37:31.011,2,4950,4652,0,4655,4938,0
1291,0001,2021-01-16 23:37:32.026,2,4950,4652,0,4655,4938,0
1292,0001,2021-01-16 23:37:33.042,2,4950,4652,0,4655,4938,0
1293,0001,2021-01-16 23:37:34.057,2,4950,4652,0,4655,4938,0
1294,0001,2021-01-16 23:37:35.073,2,4950,4652,0,4655,4938,0
1295,0001,2021-01-16 23:37:36.088,2,4950,4652,0,4655,4938,0
1296,0001,2021-01-16 23:37:37.103,2,4950,4652,0,4655,4938,0
1297,0001,2021-01-16 23:37:38.119,2,4950,4652,0,4655,4938,0
1298,0001,2021-01-16 23:37:39.134,2,4950,4652,0,4655,4938,0
1299,0001,2021-01-16 23:37:40.15,2,4950,4652,0,4655,4938,0
1300,0001,2021-01-16 23:37:41.165,2,4950,4652,0,4655,4938,0
1301,0001,2021-01-16 23:37:42.18,2,4950,4652,0,4655,4938,0
1302,0001,2021-01-16 23:37:43.196,2,4950,4652,0,4655,4938,0
1303,0001,2021-01-16 23:37:44.211,2,4950,4652,0,4655,4938,0
1304,0001,2021-01-16 23:37:45.213,2,4950,4652,0,4655,4938,0
1305,0001,2021-01-16 23:37:46.228,2,4950,4652,0,4655,4938,0
1306,0001,2021-01-16 23:37:47.243,2,4950,4652,0,4655,4938,0
1307,0001,2021-01-16 23:37:48.259,2,4950,4652,0,4655,4938,0
1308,0001,2021-01-16 23:37:49.274,2,4950,4652,0,4655,4938,0
1309,0001,2021-01-16 23:37:50.289,2,4950,4652,0,4655,4938,0
1310,0001,2021-01-16 23:37:51.305,2,4950,4652,0,4655,4938,0
1311,0001,2021-01-16 23:37:52.32,2,4950,4652,0,4655,4938,0
1312,0001,2021-01-16 23:37:53.336,2,4950,4652,0,4655,4938,0
1313,0001,2021-01-16 23:37:54.351,2,4950,4652,0,4655,4938,0
1314,0001,2021-01-16 23:37:55.366,2,4950,4652,0,4655,4938,0
1315,0001,2021-01-16 23:37:56.382,2,4950,4652,0,4655,4938,0
1316,0001,2021-01-16 23:37:57.397,2,4950,4652,0,4655,4938,0
1317,0001,2021-01-16 23:37:58.413,2,4950,4652,0,4655,4938,0
1318,0001,2021-01-16 23:37:59.428,2,4950,4652,0,4655,4938,0
1319,0001,2021-01-16 23:38:00.429,2,4950,4652,0,4655,4938,0
1320,0001,2021-01-16 23:38:01.445,2,4950,4652,0,4655,4938,0
1321,0001,2021-01-16 23:38:02.46,2,4950,4652,0,4655,4938,0
1322,0001,2021-01-16 23:38:03.475,2,4950,4652,0,4655,4938,0
1323,0001,2021-01-16 23:38:04.491,2,4950,4652,0,4655,4938,0
1324,0001,2021-01-16 23:38:05.506,2,4950,4652,0,4655,4938,0
1325,0001,2021-01-16 23:38:06.521,2,4950,4652,0,4655,4938,0
1326,0001,2021-01-16 23:38:07.537,2,4950,4652,0,4655,4938,0
1327,0001,2021-01-16 23:38:08.552,2,4950,4652,0,4655,4938,0
1328,0001,2021-01-16 23:38:09.568,2,4950,4652,0,4655,4938,0
1329,0001,2021-01-16 23:38:10.583,2,4950,4652,0,4655,4938,0
1330,0001,2021-01-16 23:38:11.599,2,4950,4652,0,4655,4938,0
1331,0001,2021-01-16 23:38:12.614,2,4950,4652,0,4655,4938,0
1332,0001,2021-01-16 23:38:13.629,2,4950,4652,0,4655,4938,0
1333,0001,2021-01-16 23:38:14.645,2,4950,4652,0,4655,4938,0
1334,0001,2021-01-16 23:38:15.646,2,4950,4652,0,4655,4938,0
1335,0001,2021-01-16 23:38:16.662,2,4950,4652,0,4655,4938,0
1336,0001,2021-01-16 23:38:17.677,2,4950,4652,0,4655,4938,0
1337,0001,2021-01-16 23:38:18.692,2,4950,4652,0,4655,4938,0
1338,0001,2021-01-16 23:38:19.708,2,4950,4652,0,4655,4938,0
1339,0001,2021-01-16 23:38:20.723,2,4950,4652,0,4655,4938,0
1340,0001,2021-01-16 23:38:21.738,2,4950,4652,0,4655,4938,0
1341,0001,2021-01-16 23:38:22.754,2,4950,4652,0,4655,4938,0
1342,0001,2021-01-16 23:38:23.769,2,4950,4652,0,4655,4938,0
1343,0001,2021-01-16 23:38:24.785,2,4950,4652,0,4655,4938,0
1344,0001,2021-01-16 23:38:25.8,2,4950,4652,0,4655,4938,0
1345,0001,2021-01-16 23:38:26.815,2,4950,4652,0,4655,4938,0
1346,0001,2021-01-16 23:38:27.831,2,4950,4652,0,4655,4938,0
1347,0001,2021-01-16 23:38:28.846,2,4950,4652,0,4655,4938,0
1348,0001,2021-01-16 23:38:29.862,2,4950,4652,0,4655,4938,0
1349,0001,2021-01-16 23:38:30.863,2,4950,4652,0,4655,4938,0
1350,0001,2021-01-16 23:38:31.878,2,4950,4652,0,4655,4938,0
1351,0001,2021-01-16 23:38:32.893,2,4950,4652,0,4655,4938,0
1352,0001,2021-01-16 23:38:33.909,2,4950,4652,0,4655,4938,0
1353,0001,2021-01-16 23:38:34.924,2,4950,4652,0,4655,4938,0
1354,0001,2021-01-16 23:38:35.94,2,4950,4652,0,4655,4938,0
1355,0001,2021-01-16 23:38:36.955,2,4950,4652,0,4655,4938,0
1356,0001,2021-01-16 23:38:37.97,2,4950,4652,0,4655,4938,0
1357,0001,2021-01-16 23:38:38.986,2,4950,4652,0,4655,4938,0
1358,0001,2021-01-16 23:38:40.001,2,4950,4652,0,4655,4938,0
1359,0001,2021-01-16 23:38:41.017,2,4950,4652,0,4655,4938,0
1360,0001,2021-01-16 23:38:42.032,2,4950,4652,1,4655,4938,1
1361,0001,2021-01-16 23:38:43.047,2,4950,4652,2,4655,4938,2
1362,0001,2021-01-16 23:38:44.063,2,4950,4652,2,4655,4938,2
1363,0001,2021-01-16 23:38:45.078,2,4950,4652,2,4655,4938,2
1364,0001,2021-01-16 23:38:46.08,2,4950,4652,2,4655,4938,2
1365,0001,2021-01-16 23:38:47.095,2,4950,4652,2,4655,4938,2
1366,0001,2021-01-16 23:38:48.11,2,4950,4652,2,4655,4938,2
1367,0001,2021-01-16 23:38:49.126,2,4950,4652,2,4655,4938,2
1368,0001,2021-01-16 23:38:50.141,2,4950,4652,2,4655,4938,2
1369,0001,2021-01-16 23:38:51.156,2,4950,4652,2,4655,4938,2
1370,0001,2021-01-16 23:38:52.172,2,4950,4652,2,4655,4938,2
1371,0001,2021-01-16 23:38:53.187,2,4951,4652,1,4655,4939,1
1372,0001,2021-01-16 23:38:54.203,2,4951,4652,1,4655,4939,1
1373,0001,2021-01-16 23:38:55.218,2,4951,4652,0,4655,4939,0
1374,0001,2021-01-16 23:38:56.234,2,4951,4652,0,4655,4939,0
1375,0001,2021-01-16 23:38:57.249,2,4951,4652,0,4655,4939,0
1376,0001,2021-01-16 23:38:58.264,2,4951,4652,0,4655,4939,0
1377,0001,2021-01-16 23:38:59.28,2,4951,4652,0,4655,4939,0
1378,0001,2021-01-16 23:39:00.281,2,4951,4652,0,4655,4939,0
1379,0001,2021-01-16 23:39:01.296,2,4951,4652,0,4655,4939,0
1380,0001,2021-01-16 23:40:05.218,2,4951,4652,0,4655,4939,0
1381,0001,2021-01-16 23:40:06.233,2,4951,4652,0,4655,4939,0
1382,0001,2021-01-16 23:40:07.248,2,4951,4652,0,4655,4939,0
1383,0001,2021-01-16 23:40:08.264,2,4951,4652,0,4655,4939,0
1384,0001,2021-01-16 23:40:09.279,2,4951,4652,0,4655,4939,0
1385,0001,2021-01-16 23:40:10.295,2,4951,4652,0,4655,4939,0
1386,0001,2021-01-16 23:40:11.31,2,4951,4652,0,4655,4939,0
1387,0001,2021-01-16 23:40:12.325,2,4951,4652,0,4655,4939,0
1388,0001,2021-01-16 23:40:13.341,2,4951,4652,0,4655,4939,0
1389,0001,2021-01-16 23:40:14.356,2,4951,4652,0,4655,4939,0
1390,0001,2021-01-16 23:40:15.358,2,4951,4652,0,4655,4939,0
1391,0001,2021-01-16 23:40:16.373,2,4951,4652,0,4655,4939,0
1392,0001,2021-01-16 23:40:17.388,2,4951,4652,1,4655,4939,1
1393,0001,2021-01-16 23:40:18.404,2,4951,4652,1,4655,4939,1
1394,0001,2021-01-16 23:40:19.419,2,4951,4652,2,4655,4939,2
1395,0001,2021-01-16 23:40:20.434,2,4951,4652,2,4655,4939,2
1396,0001,2021-01-16 23:40:21.45,2,4951,4652,2,4655,4939,2
1397,0001,2021-01-16 23:40:22.465,2,4951,4652,2,4655,4939,2
1398,0001,2021-01-16 23:40:23.481,2,4951,4652,2,4655,4939,2
1399,0001,2021-01-16 23:40:24.496,2,4951,4652,2,4655,4939,2
1400,0001,2021-01-16 23:40:25.511,2,4951,4652,2,4655,4939,2
1401,0001,2021-01-16 23:40:26.527,2,4951,4652,2,4655,4939,2
1402,0001,2021-01-16 23:40:27.542,2,4951,4653,1,4656,4939,1
1403,0001,2021-01-16 23:40:28.558,2,4951,4653,1,4656,4939,1
1404,0001,2021-01-16 23:40:29.573,2,4952,4653,0,4656,4940,0
1405,0001,2021-01-16 23:40:30.574,2,4952,4653,0,4656,4940,0
1406,0001,2021-01-16 23:40:31.59,2,4952,4653,0,4656,4940,0
1407,0001,2021-01-16 23:40:32.605,2,4952,4653,0,4656,4940,0
1408,0001,2021-01-16 23:40:33.62,2,4952,4653,0,4656,4940,0
1409,0001,2021-01-16 23:40:34.636,2,4952,4653,0,4656,4940,0
1410,0001,2021-01-16 23:40:35.651,2,4952,4653,0,4656,4940,0
1411,0001,2021-01-16 23:40:36.667,2,4952,4653,0,4656,4940,0
1412,0001,2021-01-16 23:40:37.682,2,4952,4653,0,4656,4940,0
1413,0001,2021-01-16 23:40:51.884,2,4952,4653,0,4656,4940,0
1414,0001,2021-01-16 23:40:52.899,2,4952,4653,0,4656,4940,0
1415,0001,2021-01-16 23:40:53.914,2,4952,4653,0,4656,4940,0
1416,0001,2021-01-16 23:40:54.93,2,4952,4653,0,4656,4940,0
1417,0001,2021-01-16 23:40:55.945,2,4952,4653,0,4656,4940,0
1418,0001,2021-01-16 23:40:56.961,2,4952,4653,0,4656,4940,0
1419,0001,2021-01-16 23:40:57.976,2,4952,4653,0,4656,4940,0
1420,0001,2021-01-16 23:40:58.991,2,4952,4653,0,4656,4940,0
1421,0001,2021-01-16 23:41:00.007,2,4952,4653,0,4656,4940,0
1422,0001,2021-01-16 23:41:01.008,2,4952,4653,0,4656,4940,0
1423,0001,2021-01-16 23:41:02.023,2,4952,4653,1,4656,4940,1
1424,0001,2021-01-16 23:41:03.039,2,4952,4653,1,4656,4940,1
1425,0001,2021-01-16 23:41:04.054,2,4952,4653,1,4656,4940,1
1426,0001,2021-01-16 23:41:05.07,2,4952,4653,1,4656,4940,1
1427,0001,2021-01-16 23:41:06.085,2,4952,4653,1,4656,4940,1
1428,0001,2021-01-16 23:41:07.1,2,4952,4653,1,4656,4940,1
1429,0001,2021-01-16 23:41:08.116,2,4952,4653,1,4656,4940,1
1430,0001,2021-01-16 23:41:09.131,2,4952,4653,1,4656,4940,1
1431,0001,2021-01-16 23:41:10.146,2,4952,4653,1,4656,4940,1
1432,0001,2021-01-16 23:41:11.162,2,4952,4653,1,4656,4940,1
1433,0001,2021-01-16 23:41:12.177,2,4952,4653,1,4656,4940,1
1434,0001,2021-01-16 23:41:13.193,2,4953,4653,0,4656,4941,0
1435,0001,2021-01-16 23:41:14.208,2,4953,4653,0,4656,4941,0
1436,0001,2021-01-16 23:41:15.209,2,4953,4653,0,4656,4941,0
1437,0001,2021-01-16 23:41:16.225,2,4953,4653,0,4656,4941,0
1438,0001,2021-01-16 23:41:17.24,2,4953,4653,0,4656,4941,0
1439,0001,2021-01-16 23:41:18.256,2,4953,4653,0,4656,4941,0
1440,0001,2021-01-16 23:41:19.271,2,4953,4653,0,4656,4941,0
1441,0001,2021-01-16 23:41:20.286,2,4953,4653,0,4656,4941,0
1442,0001,2021-01-16 23:41:21.302,2,4953,4653,0,4656,4941,0
1443,0001,2021-01-16 23:51:17.753,2,4953,4653,0,4656,4941,0
1444,0001,2021-01-16 23:51:18.768,2,4953,4653,0,4656,4941,0
1445,0001,2021-01-16 23:51:19.784,2,4953,4653,0,4656,4941,0
1446,0001,2021-01-16 23:51:22.83,2,4953,4653,0,4656,4941,0
1447,0001,2021-01-16 23:51:23.845,2,4953,4653,0,4656,4941,0
1448,0001,2021-01-16 23:51:24.86,2,4953,4653,0,4656,4941,0
1449,0001,2021-01-16 23:51:25.876,2,4953,4653,0,4656,4941,0
1450,0001,2021-01-16 23:51:26.891,2,4953,4653,0,4656,4941,0
1451,0001,2021-01-16 23:51:27.907,2,4953,4653,0,4656,4941,0
1452,0001,2021-01-16 23:51:28.922,2,4953,4653,0,4656,4941,0
1453,0001,2021-01-16 23:51:29.937,2,4953,4653,0,4656,4941,0
1454,0001,2021-01-16 23:51:30.939,2,4953,4653,0,4656,4941,0
1455,0001,2021-01-16 23:51:31.954,2,4953,4653,0,4656,4941,0
1456,0001,2021-01-16 23:51:32.97,2,4953,4653,0,4656,4941,0
1457,0001,2021-01-16 23:51:33.985,2,4953,4653,0,4656,4941,0
1458,0001,2021-01-16 23:51:35,2,4953,4653,0,4656,4941,0
1459,0001,2021-01-16 23:51:36.016,2,4953,4653,0,4656,4941,0
1460,0001,2021-01-16 23:51:37.031,2,4953,4653,0,4656,4941,0
1461,0001,2021-01-16 23:51:38.046,2,4953,4653,0,4656,4941,0
1462,0001,2021-01-16 23:51:39.062,2,4953,4653,0,4656,4941,0
1463,0001,2021-01-16 23:51:40.077,2,4953,4653,0,4656,4941,0
1464,0001,2021-01-16 23:51:41.093,2,4953,4653,0,4656,4941,0
1465,0001,2021-01-16 23:56:43.414,2,4953,4653,0,4656,4941,0
1466,0001,2021-01-16 23:56:44.43,2,4953,4653,0,4656,4941,0
1467,0001,2021-01-16 23:56:45.431,2,4953,4653,0,4656,4941,0
1468,0001,2021-01-16 23:56:46.446,2,4953,4653,0,4656,4941,0
1469,0001,2021-01-16 23:56:47.462,2,4953,4653,0,4656,4941,0
1470,0001,2021-01-16 23:56:48.477,2,4953,4653,0,4656,4941,0
1471,0001,2021-01-16 23:56:49.492,2,4953,4653,0,4656,4941,0
1472,0001,2021-01-16 23:56:50.508,2,4953,4653,0,4656,4941,0
1473,0001,2021-01-16 23:56:51.523,2,4953,4653,0,4656,4941,0
1474,0001,2021-01-16 23:56:52.539,2,4953,4653,0,4656,4941,0
1475,0001,2021-01-16 23:56:53.554,2,4953,4653,0,4656,4941,0
1476,0001,2021-01-16 23:56:54.569,2,4953,4653,0,4656,4941,0
1477,0001,2021-01-16 23:56:55.585,2,4953,4653,1,4656,4941,1
1478,0001,2021-01-16 23:56:56.6,2,4953,4653,1,4656,4941,1
1479,0001,2021-01-16 23:56:57.616,2,4953,4653,1,4656,4941,1
1480,0001,2021-01-16 23:56:58.631,2,4953,4653,1,4656,4941,1
1481,0001,2021-01-16 23:56:59.646,2,4953,4653,1,4656,4941,1
1482,0001,2021-01-16 23:57:00.648,2,4953,4653,1,4656,4941,1
1483,0001,2021-01-16 23:57:01.663,2,4953,4653,1,4656,4941,1
1484,0001,2021-01-16 23:57:02.679,2,4953,4653,1,4656,4941,1
1485,0001,2021-01-16 23:57:03.694,2,4953,4653,1,4656,4941,1
1486,0001,2021-01-16 23:57:04.709,2,4953,4653,1,4656,4941,1
1487,0001,2021-01-16 23:57:05.725,2,4953,4653,1,4656,4941,1
1488,0001,2021-01-16 23:57:06.74,2,4953,4653,1,4656,4941,1
1489,0001,2021-01-16 23:57:07.756,2,4953,4654,0,4657,4941,0
1490,0001,2021-01-16 23:57:08.771,2,4953,4654,0,4657,4941,0
1491,0001,2021-01-16 23:57:09.786,2,4953,4654,0,4657,4941,0
1492,0001,2021-01-16 23:57:10.802,2,4953,4654,0,4657,4941,0
1493,0001,2021-01-16 23:57:11.817,2,4953,4654,0,4657,4941,0
