No,date,Lottery_result,hundreds_place,tens_place,ones_place,Next_result
1,2018-01-04,858,8,5,8,384
2,2018-01-05,384,3,8,4,976
3,2018-01-08,976,9,7,6,930
4,2018-01-09,930,9,3,0,634
5,2018-01-10,634,6,3,4,223
6,2018-01-11,223,2,2,3,413
7,2018-01-12,413,4,1,3,881
8,2018-01-15,881,8,8,1,368
9,2018-01-16,368,3,6,8,873
10,2018-01-17,873,8,7,3,916
11,2018-01-18,916,9,1,6,955
12,2018-01-19,955,9,5,5,122
13,2018-01-22,122,1,2,2,327
14,2018-01-23,327,3,2,7,92
15,2018-01-24,92,0,9,2,282
16,2018-01-25,282,2,8,2,956
17,2018-01-26,956,9,5,6,415
18,2018-01-29,415,4,1,5,432
19,2018-01-30,432,4,3,2,437
20,2018-01-31,437,4,3,7,546
21,2018-02-01,546,5,4,6,291
22,2018-02-02,291,2,9,1,461
23,2018-02-05,461,4,6,1,139
24,2018-02-06,139,1,3,9,138
25,2018-02-07,138,1,3,8,448
26,2018-02-08,448,4,4,8,936
27,2018-02-09,936,9,3,6,221
28,2018-02-12,221,2,2,1,876
29,2018-02-13,876,8,7,6,347
30,2018-02-14,347,3,4,7,631
31,2018-02-15,631,6,3,1,725
32,2018-02-16,725,7,2,5,949
33,2018-02-19,949,9,4,9,271
34,2018-02-20,271,2,7,1,545
35,2018-02-21,545,5,4,5,320
36,2018-02-22,320,3,2,0,60
37,2018-02-23,60,0,6,0,60
38,2018-02-26,60,0,6,0,350
39,2018-02-27,350,3,5,0,839
40,2018-02-28,839,8,3,9,382
41,2018-03-01,382,3,8,2,776
42,2018-03-02,776,7,7,6,411
43,2018-03-05,411,4,1,1,586
44,2018-03-06,586,5,8,6,45
45,2018-03-07,45,0,4,5,123
46,2018-03-08,123,1,2,3,720
47,2018-03-09,720,7,2,0,497
48,2018-03-12,497,4,9,7,243
49,2018-03-13,243,2,4,3,363
50,2018-03-14,363,3,6,3,236
51,2018-03-15,236,2,3,6,399
52,2018-03-16,399,3,9,9,217
53,2018-03-19,217,2,1,7,118
54,2018-03-20,118,1,1,8,486
55,2018-03-21,486,4,8,6,29
56,2018-03-22,29,0,2,9,900
57,2018-03-23,900,9,0,0,484
58,2018-03-26,484,4,8,4,905
59,2018-03-27,905,9,0,5,800
60,2018-03-28,800,8,0,0,339
61,2018-03-29,339,3,3,9,950
62,2018-03-30,950,9,5,0,684
63,2018-04-02,684,6,8,4,507
64,2018-04-03,507,5,0,7,750
65,2018-04-04,750,7,5,0,352
66,2018-04-05,352,3,5,2,516
67,2018-04-06,516,5,1,6,760
68,2018-04-09,760,7,6,0,16
69,2018-04-10,16,0,1,6,759
70,2018-04-11,759,7,5,9,196
71,2018-04-12,196,1,9,6,775
72,2018-04-13,775,7,7,5,118
73,2018-04-16,118,1,1,8,993
74,2018-04-17,993,9,9,3,984
75,2018-04-18,984,9,8,4,159
76,2018-04-19,159,1,5,9,955
77,2018-04-20,955,9,5,5,716
78,2018-04-23,716,7,1,6,936
79,2018-04-24,936,9,3,6,81
80,2018-04-25,81,0,8,1,355
81,2018-04-26,355,3,5,5,714
82,2018-04-27,714,7,1,4,2
83,2018-04-30,2,0,0,2,440
84,2018-05-01,440,4,4,0,372
85,2018-05-02,372,3,7,2,589
86,2018-05-03,589,5,8,9,119
87,2018-05-04,119,1,1,9,299
88,2018-05-07,299,2,9,9,909
89,2018-05-08,909,9,0,9,37
90,2018-05-09,37,0,3,7,402
91,2018-05-10,402,4,0,2,30
92,2018-05-11,30,0,3,0,604
93,2018-05-14,604,6,0,4,497
94,2018-05-15,497,4,9,7,909
95,2018-05-16,909,9,0,9,851
96,2018-05-17,851,8,5,1,934
97,2018-05-18,934,9,3,4,109
98,2018-05-21,109,1,0,9,531
99,2018-05-22,531,5,3,1,393
100,2018-05-23,393,3,9,3,496
101,2018-05-24,496,4,9,6,535
102,2018-05-25,535,5,3,5,513
103,2018-05-28,513,5,1,3,797
104,2018-05-29,797,7,9,7,648
105,2018-05-30,648,6,4,8,319
106,2018-05-31,319,3,1,9,669
107,2018-06-01,669,6,6,9,173
108,2018-06-04,173,1,7,3,269
109,2018-06-05,269,2,6,9,557
110,2018-06-06,557,5,5,7,653
111,2018-06-07,653,6,5,3,137
112,2018-06-08,137,1,3,7,413
113,2018-06-11,413,4,1,3,193
114,2018-06-12,193,1,9,3,642
115,2018-06-13,642,6,4,2,487
116,2018-06-14,487,4,8,7,765
117,2018-06-15,765,7,6,5,119
118,2018-06-18,119,1,1,9,182
119,2018-06-19,182,1,8,2,912
120,2018-06-20,912,9,1,2,18
121,2018-06-21,18,0,1,8,1
122,2018-06-22,1,0,0,1,549
123,2018-06-25,549,5,4,9,256
124,2018-06-26,256,2,5,6,32
125,2018-06-27,32,0,3,2,751
126,2018-06-28,751,7,5,1,349
127,2018-06-29,349,3,4,9,193
128,2018-07-02,193,1,9,3,489
129,2018-07-03,489,4,8,9,901
130,2018-07-04,901,9,0,1,668
131,2018-07-05,668,6,6,8,870
132,2018-07-06,870,8,7,0,61
133,2018-07-09,61,0,6,1,625
134,2018-07-10,625,6,2,5,223
135,2018-07-11,223,2,2,3,205
136,2018-07-12,205,2,0,5,989
137,2018-07-13,989,9,8,9,176
138,2018-07-16,176,1,7,6,877
139,2018-07-17,877,8,7,7,580
140,2018-07-18,580,5,8,0,51
141,2018-07-19,51,0,5,1,115
142,2018-07-20,115,1,1,5,330
143,2018-07-23,330,3,3,0,977
144,2018-07-24,977,9,7,7,778
145,2018-07-25,778,7,7,8,220
146,2018-07-26,220,2,2,0,241
147,2018-07-27,241,2,4,1,96
148,2018-07-30,96,0,9,6,430
149,2018-07-31,430,4,3,0,918
150,2018-08-01,918,9,1,8,644
151,2018-08-02,644,6,4,4,646
152,2018-08-03,646,6,4,6,47
153,2018-08-06,47,0,4,7,260
154,2018-08-07,260,2,6,0,529
155,2018-08-08,529,5,2,9,879
156,2018-08-09,879,8,7,9,890
157,2018-08-10,890,8,9,0,69
158,2018-08-13,69,0,6,9,322
159,2018-08-14,322,3,2,2,505
160,2018-08-15,505,5,0,5,480
161,2018-08-16,480,4,8,0,131
162,2018-08-17,131,1,3,1,203
163,2018-08-20,203,2,0,3,78
164,2018-08-21,78,0,7,8,308
165,2018-08-22,308,3,0,8,371
166,2018-08-23,371,3,7,1,75
167,2018-08-24,75,0,7,5,300
168,2018-08-27,300,3,0,0,650
169,2018-08-28,650,6,5,0,731
170,2018-08-29,731,7,3,1,943
171,2018-08-30,943,9,4,3,271
172,2018-08-31,271,2,7,1,45
173,2018-09-03,45,0,4,5,317
174,2018-09-04,317,3,1,7,488
175,2018-09-05,488,4,8,8,480
176,2018-09-06,480,4,8,0,571
177,2018-09-07,571,5,7,1,635
178,2018-09-10,635,6,3,5,283
179,2018-09-11,283,2,8,3,739
180,2018-09-12,739,7,3,9,704
181,2018-09-13,704,7,0,4,589
182,2018-09-14,589,5,8,9,674
183,2018-09-17,674,6,7,4,960
184,2018-09-18,960,9,6,0,46
185,2018-09-19,46,0,4,6,234
186,2018-09-20,234,2,3,4,681
187,2018-09-21,681,6,8,1,240
188,2018-09-24,240,2,4,0,365
189,2018-09-25,365,3,6,5,763
190,2018-09-26,763,7,6,3,26
191,2018-09-27,26,0,2,6,669
192,2018-09-28,669,6,6,9,942
193,2018-10-01,942,9,4,2,461
194,2018-10-02,461,4,6,1,877
195,2018-10-03,877,8,7,7,449
196,2018-10-04,449,4,4,9,233
197,2018-10-05,233,2,3,3,361
198,2018-10-08,361,3,6,1,368
199,2018-10-09,368,3,6,8,131
200,2018-10-10,131,1,3,1,46
201,2018-10-11,46,0,4,6,46
202,2018-10-12,46,0,4,6,352
203,2018-10-15,352,3,5,2,870
204,2018-10-16,870,8,7,0,271
205,2018-10-17,271,2,7,1,83
206,2018-10-18,83,0,8,3,930
207,2018-10-19,930,9,3,0,98
208,2018-10-22,98,0,9,8,12
209,2018-10-23,12,0,1,2,49
210,2018-10-24,49,0,4,9,594
211,2018-10-25,594,5,9,4,244
212,2018-10-26,244,2,4,4,453
213,2018-10-29,453,4,5,3,546
214,2018-10-30,546,5,4,6,379
215,2018-10-31,379,3,7,9,458
216,2018-11-01,458,4,5,8,115
217,2018-11-02,115,1,1,5,735
218,2018-11-05,735,7,3,5,350
219,2018-11-06,350,3,5,0,142
220,2018-11-07,142,1,4,2,343
221,2018-11-08,343,3,4,3,209
222,2018-11-09,209,2,0,9,132
223,2018-11-12,132,1,3,2,309
224,2018-11-13,309,3,0,9,281
225,2018-11-14,281,2,8,1,105
226,2018-11-15,105,1,0,5,800
227,2018-11-16,800,8,0,0,775
228,2018-11-19,775,7,7,5,476
229,2018-11-20,476,4,7,6,885
230,2018-11-21,885,8,8,5,589
231,2018-11-22,589,5,8,9,275
232,2018-11-23,275,2,7,5,196
233,2018-11-26,196,1,9,6,948
234,2018-11-27,948,9,4,8,987
235,2018-11-28,987,9,8,7,405
236,2018-11-29,405,4,0,5,285
237,2018-11-30,285,2,8,5,313
238,2018-12-03,313,3,1,3,921
239,2018-12-04,921,9,2,1,9
240,2018-12-05,9,0,0,9,295
241,2018-12-06,295,2,9,5,223
242,2018-12-07,223,2,2,3,991
243,2018-12-10,991,9,9,1,656
244,2018-12-11,656,6,5,6,304
245,2018-12-12,304,3,0,4,136
246,2018-12-13,136,1,3,6,922
247,2018-12-14,922,9,2,2,234
248,2018-12-17,234,2,3,4,643
249,2018-12-18,643,6,4,3,871
250,2018-12-19,871,8,7,1,600
251,2018-12-20,600,6,0,0,100
252,2018-12-21,100,1,0,0,329
253,2018-12-24,329,3,2,9,442
254,2018-12-25,442,4,4,2,644
255,2018-12-26,644,6,4,4,80
256,2018-12-27,80,0,8,0,234
257,2018-12-28,234,2,3,4,804
1,2019-01-04,804,8,0,4,755
2,2019-01-07,755,7,5,5,88
3,2019-01-08,88,0,8,8,733
4,2019-01-09,733,7,3,3,654
5,2019-01-10,654,6,5,4,953
6,2019-01-11,953,9,5,3,650
7,2019-01-14,650,6,5,0,608
8,2019-01-15,608,6,0,8,704
9,2019-01-16,704,7,0,4,162
10,2019-01-17,162,1,6,2,616
11,2019-01-18,616,6,1,6,702
12,2019-01-21,702,7,0,2,637
13,2019-01-22,637,6,3,7,249
14,2019-01-23,249,2,4,9,547
15,2019-01-24,547,5,4,7,79
16,2019-01-25,79,0,7,9,647
17,2019-01-28,647,6,4,7,596
18,2019-01-29,596,5,9,6,603
19,2019-01-30,603,6,0,3,210
20,2019-01-31,210,2,1,0,49
21,2019-02-01,49,0,4,9,766
22,2019-02-04,766,7,6,6,322
23,2019-02-05,322,3,2,2,660
24,2019-02-06,660,6,6,0,626
25,2019-02-07,626,6,2,6,684
26,2019-02-08,684,6,8,4,77
27,2019-02-11,77,0,7,7,882
28,2019-02-12,882,8,8,2,87
29,2019-02-13,87,0,8,7,446
30,2019-02-14,446,4,4,6,771
31,2019-02-15,771,7,7,1,878
32,2019-02-18,878,8,7,8,991
33,2019-02-19,991,9,9,1,956
34,2019-02-20,956,9,5,6,831
35,2019-02-21,831,8,3,1,672
36,2019-02-22,672,6,7,2,661
37,2019-02-25,661,6,6,1,635
38,2019-02-26,635,6,3,5,663
39,2019-02-27,663,6,6,3,366
40,2019-02-28,366,3,6,6,958
41,2019-03-01,958,9,5,8,123
42,2019-03-04,123,1,2,3,892
43,2019-03-05,892,8,9,2,637
44,2019-03-06,637,6,3,7,757
45,2019-03-07,757,7,5,7,97
46,2019-03-08,97,0,9,7,302
47,2019-03-11,302,3,0,2,30
48,2019-03-12,30,0,3,0,413
49,2019-03-13,413,4,1,3,449
50,2019-03-14,449,4,4,9,652
51,2019-03-15,652,6,5,2,631
52,2019-03-18,631,6,3,1,998
53,2019-03-19,998,9,9,8,431
54,2019-03-20,431,4,3,1,378
55,2019-03-21,378,3,7,8,148
56,2019-03-22,148,1,4,8,887
57,2019-03-25,887,8,8,7,556
58,2019-03-26,556,5,5,6,247
59,2019-03-27,247,2,4,7,967
60,2019-03-28,967,9,6,7,960
61,2019-03-29,960,9,6,0,373
62,2019-04-01,373,3,7,3,502
63,2019-04-02,502,5,0,2,942
64,2019-04-03,942,9,4,2,391
65,2019-04-04,391,3,9,1,699
66,2019-04-05,699,6,9,9,169
67,2019-04-08,169,1,6,9,745
68,2019-04-09,745,7,4,5,511
69,2019-04-10,511,5,1,1,26
70,2019-04-11,26,0,2,6,906
71,2019-04-12,906,9,0,6,167
72,2019-04-15,167,1,6,7,607
73,2019-04-16,607,6,0,7,765
74,2019-04-17,765,7,6,5,145
75,2019-04-18,145,1,4,5,984
76,2019-04-19,984,9,8,4,764
77,2019-04-22,764,7,6,4,452
78,2019-04-23,452,4,5,2,152
79,2019-04-24,152,1,5,2,830
80,2019-04-25,830,8,3,0,166
81,2019-04-26,166,1,6,6,746
82,2019-04-29,746,7,4,6,619
83,2019-04-30,619,6,1,9,335
84,2019-05-01,335,3,3,5,992
85,2019-05-02,992,9,9,2,349
86,2019-05-03,349,3,4,9,265
87,2019-05-06,265,2,6,5,705
88,2019-05-07,705,7,0,5,451
89,2019-05-08,451,4,5,1,983
90,2019-05-09,983,9,8,3,776
91,2019-05-10,776,7,7,6,482
92,2019-05-13,482,4,8,2,856
93,2019-05-14,856,8,5,6,314
94,2019-05-15,314,3,1,4,129
95,2019-05-16,129,1,2,9,647
96,2019-05-17,647,6,4,7,25
97,2019-05-20,25,0,2,5,193
98,2019-05-21,193,1,9,3,522
99,2019-05-22,522,5,2,2,381
100,2019-05-23,381,3,8,1,682
101,2019-05-24,682,6,8,2,718
102,2019-05-27,718,7,1,8,77
103,2019-05-28,77,0,7,7,779
104,2019-05-29,779,7,7,9,731
105,2019-05-30,731,7,3,1,943
106,2019-05-31,943,9,4,3,383
107,2019-06-03,383,3,8,3,755
108,2019-06-04,755,7,5,5,342
109,2019-06-05,342,3,4,2,856
110,2019-06-06,856,8,5,6,397
111,2019-06-07,397,3,9,7,814
112,2019-06-10,814,8,1,4,80
113,2019-06-11,80,0,8,0,246
114,2019-06-12,246,2,4,6,560
115,2019-06-13,560,5,6,0,683
116,2019-06-14,683,6,8,3,226
117,2019-06-17,226,2,2,6,55
118,2019-06-18,55,0,5,5,377
119,2019-06-19,377,3,7,7,942
120,2019-06-20,942,9,4,2,180
121,2019-06-21,180,1,8,0,11
122,2019-06-24,11,0,1,1,957
123,2019-06-25,957,9,5,7,720
124,2019-06-26,720,7,2,0,928
125,2019-06-27,928,9,2,8,202
126,2019-06-28,202,2,0,2,937
127,2019-07-01,937,9,3,7,214
128,2019-07-02,214,2,1,4,297
129,2019-07-03,297,2,9,7,951
130,2019-07-04,951,9,5,1,782
131,2019-07-05,782,7,8,2,458
132,2019-07-08,458,4,5,8,739
133,2019-07-09,739,7,3,9,763
134,2019-07-10,763,7,6,3,736
135,2019-07-11,736,7,3,6,273
136,2019-07-12,273,2,7,3,47
137,2019-07-15,47,0,4,7,502
138,2019-07-16,502,5,0,2,42
139,2019-07-17,42,0,4,2,808
140,2019-07-18,808,8,0,8,503
141,2019-07-19,503,5,0,3,60
142,2019-07-22,60,0,6,0,463
143,2019-07-23,463,4,6,3,799
144,2019-07-24,799,7,9,9,64
145,2019-07-25,64,0,6,4,519
146,2019-07-26,519,5,1,9,477
147,2019-07-29,477,4,7,7,195
148,2019-07-30,195,1,9,5,980
149,2019-07-31,980,9,8,0,79
150,2019-08-01,79,0,7,9,791
151,2019-08-02,791,7,9,1,687
152,2019-08-05,687,6,8,7,912
153,2019-08-06,912,9,1,2,975
154,2019-08-07,975,9,7,5,859
155,2019-08-08,859,8,5,9,613
156,2019-08-09,613,6,1,3,596
157,2019-08-12,596,5,9,6,426
158,2019-08-13,426,4,2,6,882
159,2019-08-14,882,8,8,2,557
160,2019-08-15,557,5,5,7,254
161,2019-08-16,254,2,5,4,9
162,2019-08-19,9,0,0,9,554
163,2019-08-20,554,5,5,4,430
164,2019-08-21,430,4,3,0,297
165,2019-08-22,297,2,9,7,633
166,2019-08-23,633,6,3,3,848
167,2019-08-26,848,8,4,8,680
168,2019-08-27,680,6,8,0,246
169,2019-08-28,246,2,4,6,856
170,2019-08-29,856,8,5,6,43
171,2019-08-30,43,0,4,3,971
172,2019-09-02,971,9,7,1,874
173,2019-09-03,874,8,7,4,12
174,2019-09-04,12,0,1,2,773
175,2019-09-05,773,7,7,3,489
176,2019-09-06,489,4,8,9,32
177,2019-09-09,32,0,3,2,557
178,2019-09-10,557,5,5,7,169
179,2019-09-11,169,1,6,9,304
180,2019-09-12,304,3,0,4,910
181,2019-09-13,910,9,1,0,133
182,2019-09-16,133,1,3,3,323
183,2019-09-17,323,3,2,3,786
184,2019-09-18,786,7,8,6,583
185,2019-09-19,583,5,8,3,240
186,2019-09-20,240,2,4,0,825
187,2019-09-23,825,8,2,5,69
188,2019-09-24,69,0,6,9,665
189,2019-09-25,665,6,6,5,876
190,2019-09-26,876,8,7,6,286
191,2019-09-27,286,2,8,6,766
192,2019-09-30,766,7,6,6,597
193,2019-10-01,597,5,9,7,715
194,2019-10-02,715,7,1,5,635
195,2019-10-03,635,6,3,5,705
196,2019-10-04,705,7,0,5,902
197,2019-10-07,902,9,0,2,764
198,2019-10-08,764,7,6,4,361
199,2019-10-09,361,3,6,1,191
200,2019-10-10,191,1,9,1,207
201,2019-10-11,207,2,0,7,163
202,2019-10-14,163,1,6,3,393
203,2019-10-15,393,3,9,3,984
204,2019-10-16,984,9,8,4,814
205,2019-10-17,814,8,1,4,776
206,2019-10-18,776,7,7,6,808
207,2019-10-21,808,8,0,8,158
208,2019-10-22,158,1,5,8,822
209,2019-10-23,822,8,2,2,530
210,2019-10-24,530,5,3,0,175
211,2019-10-25,175,1,7,5,762
212,2019-10-28,762,7,6,2,716
213,2019-10-29,716,7,1,6,920
214,2019-10-30,920,9,2,0,134
215,2019-10-31,134,1,3,4,317
216,2019-11-01,317,3,1,7,465
217,2019-11-04,465,4,6,5,601
218,2019-11-05,601,6,0,1,219
219,2019-11-06,219,2,1,9,612
220,2019-11-07,612,6,1,2,153
221,2019-11-08,153,1,5,3,544
222,2019-11-11,544,5,4,4,961
223,2019-11-12,961,9,6,1,828
224,2019-11-13,828,8,2,8,831
225,2019-11-14,831,8,3,1,818
226,2019-11-15,818,8,1,8,275
227,2019-11-18,275,2,7,5,695
228,2019-11-19,695,6,9,5,363
229,2019-11-20,363,3,6,3,204
230,2019-11-21,204,2,0,4,94
231,2019-11-22,94,0,9,4,962
232,2019-11-25,962,9,6,2,118
233,2019-11-26,118,1,1,8,565
234,2019-11-27,565,5,6,5,491
235,2019-11-28,491,4,9,1,339
236,2019-11-29,339,3,3,9,448
237,2019-12-02,448,4,4,8,242
238,2019-12-03,242,2,4,2,895
239,2019-12-04,895,8,9,5,340
240,2019-12-05,340,3,4,0,694
241,2019-12-06,694,6,9,4,869
242,2019-12-09,869,8,6,9,436
243,2019-12-10,436,4,3,6,247
244,2019-12-11,247,2,4,7,844
245,2019-12-12,844,8,4,4,865
246,2019-12-13,865,8,6,5,491
247,2019-12-16,491,4,9,1,392
248,2019-12-17,392,3,9,2,626
249,2019-12-18,626,6,2,6,680
250,2019-12-19,680,6,8,0,325
251,2019-12-20,325,3,2,5,349
252,2019-12-23,349,3,4,9,79
253,2019-12-24,79,0,7,9,113
254,2019-12-25,113,1,1,3,914
255,2019-12-26,914,9,1,4,475
256,2019-12-27,475,4,7,5,721
257,2019-12-30,721,7,2,1,887
1,2020-01-06,887,8,8,7,109
2,2020-01-07,109,1,0,9,527
3,2020-01-08,527,5,2,7,409
4,2020-01-09,409,4,0,9,785
5,2020-01-10,785,7,8,5,705
6,2020-01-13,705,7,0,5,428
7,2020-01-14,428,4,2,8,565
8,2020-01-15,565,5,6,5,592
9,2020-01-16,592,5,9,2,626
10,2020-01-17,626,6,2,6,485
11,2020-01-20,485,4,8,5,69
12,2020-01-21,69,0,6,9,444
13,2020-01-22,444,4,4,4,366
14,2020-01-23,366,3,6,6,629
15,2020-01-24,629,6,2,9,345
16,2020-01-27,345,3,4,5,2
17,2020-01-28,2,0,0,2,312
18,2020-01-29,312,3,1,2,472
19,2020-01-30,472,4,7,2,436
20,2020-01-31,436,4,3,6,272
21,2020-02-03,272,2,7,2,514
22,2020-02-04,514,5,1,4,108
23,2020-02-05,108,1,0,8,577
24,2020-02-06,577,5,7,7,433
25,2020-02-07,433,4,3,3,516
26,2020-02-10,516,5,1,6,720
27,2020-02-11,720,7,2,0,503
28,2020-02-12,503,5,0,3,123
29,2020-02-13,123,1,2,3,6
30,2020-02-14,6,0,0,6,5
31,2020-02-17,5,0,0,5,386
32,2020-02-18,386,3,8,6,461
33,2020-02-19,461,4,6,1,518
34,2020-02-20,518,5,1,8,206
35,2020-02-21,206,2,0,6,996
36,2020-02-24,996,9,9,6,445
37,2020-02-25,445,4,4,5,528
38,2020-02-26,528,5,2,8,907
39,2020-02-27,907,9,0,7,780
40,2020-02-28,780,7,8,0,843
41,2020-03-02,843,8,4,3,178
42,2020-03-03,178,1,7,8,452
43,2020-03-04,452,4,5,2,73
44,2020-03-05,73,0,7,3,162
45,2020-03-06,162,1,6,2,921
46,2020-03-09,921,9,2,1,372
47,2020-03-10,372,3,7,2,168
48,2020-03-11,168,1,6,8,233
49,2020-03-12,233,2,3,3,504
50,2020-03-13,504,5,0,4,983
51,2020-03-16,983,9,8,3,679
52,2020-03-17,679,6,7,9,738
53,2020-03-18,738,7,3,8,376
54,2020-03-19,376,3,7,6,397
55,2020-03-20,397,3,9,7,63
56,2020-03-23,63,0,6,3,477
57,2020-03-24,477,4,7,7,509
58,2020-03-25,509,5,0,9,930
59,2020-03-26,930,9,3,0,938
60,2020-03-27,938,9,3,8,574
61,2020-03-30,574,5,7,4,724
62,2020-03-31,724,7,2,4,176
63,2020-04-01,176,1,7,6,10
64,2020-04-02,10,0,1,0,802
65,2020-04-03,802,8,0,2,602
66,2020-04-06,602,6,0,2,221
67,2020-04-07,221,2,2,1,925
68,2020-04-08,925,9,2,5,505
69,2020-04-09,505,5,0,5,182
70,2020-04-10,182,1,8,2,684
71,2020-04-13,684,6,8,4,909
72,2020-04-14,909,9,0,9,962
73,2020-04-15,962,9,6,2,10
74,2020-04-16,10,0,1,0,391
75,2020-04-17,391,3,9,1,950
76,2020-04-20,950,9,5,0,889
77,2020-04-21,889,8,8,9,489
78,2020-04-22,489,4,8,9,804
79,2020-04-23,804,8,0,4,654
80,2020-04-24,654,6,5,4,867
81,2020-04-27,867,8,6,7,843
82,2020-04-28,843,8,4,3,457
83,2020-04-29,457,4,5,7,54
84,2020-04-30,54,0,5,4,815
85,2020-05-01,815,8,1,5,534
86,2020-05-04,534,5,3,4,809
87,2020-05-05,809,8,0,9,348
88,2020-05-06,348,3,4,8,33
89,2020-05-07,33,0,3,3,278
90,2020-05-08,278,2,7,8,837
91,2020-05-11,837,8,3,7,996
92,2020-05-12,996,9,9,6,860
93,2020-05-13,860,8,6,0,700
94,2020-05-14,700,7,0,0,325
95,2020-05-15,325,3,2,5,803
96,2020-05-18,803,8,0,3,162
97,2020-05-19,162,1,6,2,729
98,2020-05-20,729,7,2,9,684
99,2020-05-21,684,6,8,4,406
100,2020-05-22,406,4,0,6,663
101,2020-05-25,663,6,6,3,178
102,2020-05-26,178,1,7,8,551
103,2020-05-27,551,5,5,1,343
104,2020-05-28,343,3,4,3,892
105,2020-05-29,892,8,9,2,536
106,2020-06-01,536,5,3,6,202
107,2020-06-02,202,2,0,2,697
108,2020-06-03,697,6,9,7,432
109,2020-06-04,432,4,3,2,863
110,2020-06-05,863,8,6,3,507
111,2020-06-08,507,5,0,7,744
112,2020-06-09,744,7,4,4,774
113,2020-06-10,774,7,7,4,383
114,2020-06-11,383,3,8,3,78
115,2020-06-12,78,0,7,8,712
116,2020-06-15,712,7,1,2,826
117,2020-06-16,826,8,2,6,153
118,2020-06-17,153,1,5,3,365
119,2020-06-18,365,3,6,5,734
120,2020-06-19,734,7,3,4,197
121,2020-06-22,197,1,9,7,988
122,2020-06-23,988,9,8,8,550
123,2020-06-24,550,5,5,0,981
124,2020-06-25,981,9,8,1,709
125,2020-06-26,709,7,0,9,801
126,2020-06-29,801,8,0,1,245
127,2020-06-30,245,2,4,5,358
128,2020-07-01,358,3,5,8,510
129,2020-07-02,510,5,1,0,464
130,2020-07-03,464,4,6,4,337
131,2020-07-06,337,3,3,7,112
132,2020-07-07,112,1,1,2,24
133,2020-07-08,24,0,2,4,339
134,2020-07-09,339,3,3,9,937
135,2020-07-10,937,9,3,7,182
136,2020-07-13,182,1,8,2,738
137,2020-07-14,738,7,3,8,697
138,2020-07-15,697,6,9,7,699
139,2020-07-16,699,6,9,9,613
140,2020-07-17,613,6,1,3,350
141,2020-07-20,350,3,5,0,378
142,2020-07-21,378,3,7,8,637
143,2020-07-22,637,6,3,7,97
144,2020-07-23,97,0,9,7,224
145,2020-07-24,224,2,2,4,495
146,2020-07-27,495,4,9,5,8
147,2020-07-28,8,0,0,8,902
148,2020-07-29,902,9,0,2,555
149,2020-07-30,555,5,5,5,130
150,2020-07-31,130,1,3,0,9
151,2020-08-03,9,0,0,9,113
152,2020-08-04,113,1,1,3,229
153,2020-08-05,229,2,2,9,796
154,2020-08-06,796,7,9,6,332
155,2020-08-07,332,3,3,2,681
156,2020-08-10,681,6,8,1,871
157,2020-08-11,871,8,7,1,640
158,2020-08-12,640,6,4,0,998
159,2020-08-13,998,9,9,8,132
160,2020-08-14,132,1,3,2,946
161,2020-08-17,946,9,4,6,858
162,2020-08-18,858,8,5,8,884
163,2020-08-19,884,8,8,4,611
164,2020-08-20,611,6,1,1,529
165,2020-08-21,529,5,2,9,317
166,2020-08-24,317,3,1,7,226
167,2020-08-25,226,2,2,6,687
168,2020-08-26,687,6,8,7,267
169,2020-08-27,267,2,6,7,930
170,2020-08-28,930,9,3,0,443
171,2020-08-31,443,4,4,3,838
172,2020-09-01,838,8,3,8,995
173,2020-09-02,995,9,9,5,716
174,2020-09-03,716,7,1,6,445
175,2020-09-04,445,4,4,5,793
176,2020-09-07,793,7,9,3,948
177,2020-09-08,948,9,4,8,461
178,2020-09-09,461,4,6,1,899
179,2020-09-10,899,8,9,9,195
180,2020-09-11,195,1,9,5,46
181,2020-09-14,46,0,4,6,848
182,2020-09-15,848,8,4,8,927
183,2020-09-16,927,9,2,7,376
184,2020-09-17,376,3,7,6,432
185,2020-09-18,432,4,3,2,240
186,2020-09-21,240,2,4,0,208
187,2020-09-22,208,2,0,8,365
188,2020-09-23,365,3,6,5,660
189,2020-09-24,660,6,6,0,40
190,2020-09-25,40,0,4,0,932
191,2020-09-28,932,9,3,2,969
192,2020-09-29,969,9,6,9,130
193,2020-09-30,130,1,3,0,659
194,2020-10-01,659,6,5,9,40
195,2020-10-02,40,0,4,0,160
196,2020-10-05,160,1,6,0,472
197,2020-10-06,472,4,7,2,944
198,2020-10-07,944,9,4,4,277
199,2020-10-08,277,2,7,7,820
200,2020-10-09,820,8,2,0,979
201,2020-10-12,979,9,7,9,300
202,2020-10-13,300,3,0,0,424
203,2020-10-14,424,4,2,4,650
204,2020-10-15,650,6,5,0,680
205,2020-10-16,680,6,8,0,829
206,2020-10-19,829,8,2,9,963
207,2020-10-20,963,9,6,3,777
208,2020-10-21,777,7,7,7,118
209,2020-10-22,118,1,1,8,846
210,2020-10-23,846,8,4,6,937
211,2020-10-26,937,9,3,7,129
212,2020-10-27,129,1,2,9,862
213,2020-10-28,862,8,6,2,481
214,2020-10-29,481,4,8,1,458
215,2020-10-30,458,4,5,8,761
216,2020-11-02,761,7,6,1,210
217,2020-11-03,210,2,1,0,322
218,2020-11-04,322,3,2,2,993
219,2020-11-05,993,9,9,3,415
220,2020-11-06,415,4,1,5,174
221,2020-11-09,174,1,7,4,242
222,2020-11-10,242,2,4,2,287
223,2020-11-11,287,2,8,7,475
224,2020-11-12,475,4,7,5,922
225,2020-11-13,922,9,2,2,842
226,2020-11-16,842,8,4,2,136
227,2020-11-17,136,1,3,6,346
228,2020-11-18,346,3,4,6,0
229,2020-11-19,0,0,0,0,321
230,2020-11-20,321,3,2,1,14
231,2020-11-23,14,0,1,4,998
232,2020-11-24,998,9,9,8,945
233,2020-11-25,945,9,4,5,171
234,2020-11-26,171,1,7,1,282
235,2020-11-27,282,2,8,2,571
236,2020-11-30,571,5,7,1,659
237,2020-12-01,659,6,5,9,729
238,2020-12-02,729,7,2,9,275
239,2020-12-03,275,2,7,5,201
240,2020-12-04,201,2,0,1,314
241,2020-12-07,314,3,1,4,898
242,2020-12-08,898,8,9,8,693
243,2020-12-09,693,6,9,3,823
244,2020-12-10,823,8,2,3,831
245,2020-12-11,831,8,3,1,688
246,2020-12-14,688,6,8,8,377
247,2020-12-15,377,3,7,7,364
248,2020-12-16,364,3,6,4,711
249,2020-12-17,711,7,1,1,17
250,2020-12-18,17,0,1,7,421
251,2020-12-21,421,4,2,1,689
252,2020-12-22,689,6,8,9,485
253,2020-12-23,485,4,8,5,316
254,2020-12-24,316,3,1,6,588
255,2020-12-25,588,5,8,8,925
256,2020-12-28,925,9,2,5,439
257,2020-12-29,439,4,3,9,13
258,2020-12-30,13,0,1,3,489
1,2021-01-04,489,4,8,9,715
2,2021-01-05,715,7,1,5,325
3,2021-01-06,325,3,2,5,762
4,2021-01-07,762,7,6,2,229
5,2021-01-08,229,2,2,9,51
6,2021-01-11,51,0,5,1,197
7,2021-01-12,197,1,9,7,517
8,2021-01-13,517,5,1,7,53
9,2021-01-14,53,0,5,3,740
10,2021-01-15,740,7,4,0,240
11,2021-01-18,240,2,4,0,355
12,2021-01-19,355,3,5,5,294
13,2021-01-20,294,2,9,4,923
14,2021-01-21,923,9,2,3,635
15,2021-01-22,635,6,3,5,196
16,2021-01-25,196,1,9,6,240
17,2021-01-26,240,2,4,0,602
18,2021-01-27,602,6,0,2,951
19,2021-01-28,951,9,5,1,698
20,2021-01-29,698,6,9,8,514
21,2021-02-01,514,5,1,4,509
22,2021-02-02,509,5,0,9,398
23,2021-02-03,398,3,9,8,704
24,2021-02-04,704,7,0,4,281
25,2021-02-05,281,2,8,1,357
26,2021-02-08,357,3,5,7,486
27,2021-02-09,486,4,8,6,843
28,2021-02-10,843,8,4,3,641
29,2021-02-11,641,6,4,1,0
30,2021-02-12,0,0,0,0,744
31,2021-02-15,744,7,4,4,785
32,2021-02-16,785,7,8,5,3
33,2021-02-17,3,0,0,3,912
34,2021-02-18,912,9,1,2,154
35,2021-02-19,154,1,5,4,179
36,2021-02-22,179,1,7,9,862
37,2021-02-23,862,8,6,2,385
38,2021-02-24,385,3,8,5,997
39,2021-02-25,997,9,9,7,298
40,2021-02-26,298,2,9,8,246
41,2021-03-01,246,2,4,6,934
42,2021-03-02,934,9,3,4,291
43,2021-03-03,291,2,9,1,931
44,2021-03-04,931,9,3,1,831
45,2021-03-05,831,8,3,1,97
46,2021-03-08,97,0,9,7,807
47,2021-03-09,807,8,0,7,566
48,2021-03-10,566,5,6,6,767
49,2021-03-11,767,7,6,7,759
50,2021-03-12,759,7,5,9,351
51,2021-03-15,351,3,5,1,642
52,2021-03-16,642,6,4,2,881
53,2021-03-17,881,8,8,1,347
54,2021-03-18,347,3,4,7,989
55,2021-03-19,989,9,8,9,48
56,2021-03-22,48,0,4,8,369
57,2021-03-23,369,3,6,9,876
58,2021-03-24,876,8,7,6,548
59,2021-03-25,548,5,4,8,20
60,2021-03-26,20,0,2,0,574
61,2021-03-29,574,5,7,4,526
62,2021-03-30,526,5,2,6,985
63,2021-03-31,985,9,8,5,655
64,2021-04-01,655,6,5,5,933
65,2021-04-02,933,9,3,3,415
66,2021-04-05,415,4,1,5,53
67,2021-04-06,53,0,5,3,742
68,2021-04-07,742,7,4,2,611
69,2021-04-08,611,6,1,1,684
70,2021-04-09,684,6,8,4,178
71,2021-04-12,178,1,7,8,136
72,2021-04-13,136,1,3,6,680
73,2021-04-14,680,6,8,0,16
74,2021-04-15,16,0,1,6,623
75,2021-04-16,623,6,2,3,750
76,2021-04-19,750,7,5,0,526
77,2021-04-20,526,5,2,6,258
78,2021-04-21,258,2,5,8,148
79,2021-04-22,148,1,4,8,762
80,2021-04-23,762,7,6,2,109
81,2021-04-26,109,1,0,9,53
82,2021-04-27,53,0,5,3,537
83,2021-04-28,537,5,3,7,755
84,2021-04-29,755,7,5,5,50
85,2021-04-30,50,0,5,0,971
86,2021-05-03,971,9,7,1,465
87,2021-05-04,465,4,6,5,782
88,2021-05-05,782,7,8,2,475
89,2021-05-06,475,4,7,5,68
90,2021-05-07,68,0,6,8,860
91,2021-05-10,860,8,6,0,753
92,2021-05-11,753,7,5,3,265
93,2021-05-12,265,2,6,5,958
94,2021-05-13,958,9,5,8,863
95,2021-05-14,863,8,6,3,615
96,2021-05-17,615,6,1,5,270
97,2021-05-18,270,2,7,0,855
98,2021-05-19,855,8,5,5,130
99,2021-05-20,130,1,3,0,151
100,2021-05-21,151,1,5,1,52
101,2021-05-24,52,0,5,2,369
102,2021-05-25,369,3,6,9,576
103,2021-05-26,576,5,7,6,635
104,2021-05-27,635,6,3,5,282
105,2021-05-28,282,2,8,2,493
106,2021-05-31,493,4,9,3,117
107,2021-06-01,117,1,1,7,948
108,2021-06-02,948,9,4,8,633
109,2021-06-03,633,6,3,3,227
110,2021-06-04,227,2,2,7,118
111,2021-06-07,118,1,1,8,841
112,2021-06-08,841,8,4,1,736
113,2021-06-09,736,7,3,6,746
114,2021-06-10,746,7,4,6,695
115,2021-06-11,695,6,9,5,901
116,2021-06-14,901,9,0,1,108
117,2021-06-15,108,1,0,8,553
118,2021-06-16,553,5,5,3,89
119,2021-06-17,89,0,8,9,752
120,2021-06-18,752,7,5,2,367
121,2021-06-21,367,3,6,7,400
122,2021-06-22,400,4,0,0,836
123,2021-06-23,836,8,3,6,153
124,2021-06-24,153,1,5,3,93
125,2021-06-25,93,0,9,3,479
126,2021-06-28,479,4,7,9,736
127,2021-06-29,736,7,3,6,389
128,2021-06-30,389,3,8,9,472
129,2021-07-01,472,4,7,2,759
130,2021-07-02,759,7,5,9,591
131,2021-07-05,591,5,9,1,641
132,2021-07-06,641,6,4,1,888
133,2021-07-07,888,8,8,8,758
134,2021-07-08,758,7,5,8,292
135,2021-07-09,292,2,9,2,768
136,2021-07-12,768,7,6,8,293
137,2021-07-13,293,2,9,3,740
138,2021-07-14,740,7,4,0,920
139,2021-07-15,920,9,2,0,90
140,2021-07-16,90,0,9,0,415
141,2021-07-19,415,4,1,5,900
142,2021-07-20,900,9,0,0,803
143,2021-07-21,803,8,0,3,764
144,2021-07-22,764,7,6,4,378
145,2021-07-23,378,3,7,8,388
146,2021-07-26,388,3,8,8,556
147,2021-07-27,556,5,5,6,614
148,2021-07-28,614,6,1,4,764
149,2021-07-29,764,7,6,4,704
150,2021-07-30,704,7,0,4,239
151,2021-08-02,239,2,3,9,240
152,2021-08-03,240,2,4,0,696
153,2021-08-04,696,6,9,6,345
154,2021-08-05,345,3,4,5,163
155,2021-08-06,163,1,6,3,419
156,2021-08-09,419,4,1,9,599
157,2021-08-10,599,5,9,9,261
158,2021-08-11,261,2,6,1,745
159,2021-08-12,745,7,4,5,707
160,2021-08-13,707,7,0,7,746
161,2021-08-16,746,7,4,6,630
162,2021-08-17,630,6,3,0,144
163,2021-08-18,144,1,4,4,34
164,2021-08-19,34,0,3,4,862
165,2021-08-20,862,8,6,2,128
166,2021-08-23,128,1,2,8,841
167,2021-08-24,841,8,4,1,760
168,2021-08-25,760,7,6,0,987
169,2021-08-26,987,9,8,7,413
170,2021-08-27,413,4,1,3,412
171,2021-08-30,412,4,1,2,335
172,2021-08-31,335,3,3,5,502
173,2021-09-01,502,5,0,2,933
174,2021-09-02,933,9,3,3,99
175,2021-09-03,99,0,9,9,595
176,2021-09-06,595,5,9,5,59
177,2021-09-07,59,0,5,9,547
178,2021-09-08,547,5,4,7,916
179,2021-09-09,916,9,1,6,931
180,2021-09-10,931,9,3,1,40
181,2021-09-13,40,0,4,0,468
182,2021-09-14,468,4,6,8,32
183,2021-09-15,32,0,3,2,662
184,2021-09-16,662,6,6,2,714
185,2021-09-17,714,7,1,4,723
186,2021-09-20,723,7,2,3,114
187,2021-09-21,114,1,1,4,708
188,2021-09-22,708,7,0,8,975
189,2021-09-23,975,9,7,5,262
190,2021-09-24,262,2,6,2,275
191,2021-09-27,275,2,7,5,226
192,2021-09-28,226,2,2,6,610
193,2021-09-29,610,6,1,0,606
194,2021-09-30,606,6,0,6,910
195,2021-10-01,910,9,1,0,876
196,2021-10-04,876,8,7,6,33
197,2021-10-05,33,0,3,3,649
198,2021-10-06,649,6,4,9,716
199,2021-10-07,716,7,1,6,71
200,2021-10-08,71,0,7,1,473
201,2021-10-11,473,4,7,3,461
202,2021-10-12,461,4,6,1,642
203,2021-10-13,642,6,4,2,19
204,2021-10-14,19,0,1,9,968
205,2021-10-15,968,9,6,8,527
206,2021-10-18,527,5,2,7,491
207,2021-10-19,491,4,9,1,353
208,2021-10-20,353,3,5,3,722
209,2021-10-21,722,7,2,2,426
210,2021-10-22,426,4,2,6,970
211,2021-10-25,970,9,7,0,495
212,2021-10-26,495,4,9,5,488
213,2021-10-27,488,4,8,8,187
214,2021-10-28,187,1,8,7,236
215,2021-10-29,236,2,3,6,42
216,2021-11-01,42,0,4,2,265
217,2021-11-02,265,2,6,5,188
218,2021-11-03,188,1,8,8,63
219,2021-11-04,63,0,6,3,169
220,2021-11-05,169,1,6,9,576
221,2021-11-08,576,5,7,6,24
222,2021-11-09,24,0,2,4,905
223,2021-11-10,905,9,0,5,748
224,2021-11-11,748,7,4,8,635
225,2021-11-12,635,6,3,5,245
226,2021-11-15,245,2,4,5,313
227,2021-11-16,313,3,1,3,967
228,2021-11-17,967,9,6,7,802
229,2021-11-18,802,8,0,2,571
230,2021-11-19,571,5,7,1,363
231,2021-11-22,363,3,6,3,549
232,2021-11-23,549,5,4,9,448
233,2021-11-24,448,4,4,8,357
234,2021-11-25,357,3,5,7,931
235,2021-11-26,931,9,3,1,935
236,2021-11-29,935,9,3,5,840
237,2021-11-30,840,8,4,0,126
238,2021-12-01,126,1,2,6,398
239,2021-12-02,398,3,9,8,856
240,2021-12-03,856,8,5,6,75
241,2021-12-06,75,0,7,5,871
242,2021-12-07,871,8,7,1,570
243,2021-12-08,570,5,7,0,398
244,2021-12-09,398,3,9,8,540
245,2021-12-10,540,5,4,0,418
246,2021-12-13,418,4,1,8,702
247,2021-12-14,702,7,0,2,728
248,2021-12-15,728,7,2,8,74
249,2021-12-16,74,0,7,4,50
250,2021-12-17,50,0,5,0,245
251,2021-12-20,245,2,4,5,858
252,2021-12-21,858,8,5,8,365
253,2021-12-22,365,3,6,5,486
254,2021-12-23,486,4,8,6,69
255,2021-12-24,69,0,6,9,692
256,2021-12-27,692,6,9,2,553
257,2021-12-28,553,5,5,3,737
258,2021-12-29,737,7,3,7,131
259,2021-12-30,131,1,3,1,394
1,2022-01-04,394,3,9,4,917
2,2022-01-05,917,9,1,7,201
3,2022-01-06,201,2,0,1,698
4,2022-01-07,698,6,9,8,758
5,2022-01-10,758,7,5,8,906
6,2022-01-11,906,9,0,6,372
7,2022-01-12,372,3,7,2,387
8,2022-01-13,387,3,8,7,946
9,2022-01-14,946,9,4,6,529
10,2022-01-17,529,5,2,9,118
11,2022-01-18,118,1,1,8,330
12,2022-01-19,330,3,3,0,739
13,2022-01-20,739,7,3,9,597
14,2022-01-21,597,5,9,7,207
15,2022-01-24,207,2,0,7,607
16,2022-01-25,607,6,0,7,988
17,2022-01-26,988,9,8,8,995
18,2022-01-27,995,9,9,5,355
19,2022-01-28,355,3,5,5,125
20,2022-01-31,125,1,2,5,372
21,2022-02-01,372,3,7,2,160
22,2022-02-02,160,1,6,0,839
23,2022-02-03,839,8,3,9,94
24,2022-02-04,94,0,9,4,138
25,2022-02-07,138,1,3,8,355
26,2022-02-08,355,3,5,5,8
27,2022-02-09,8,0,0,8,577
28,2022-02-10,577,5,7,7,888
29,2022-02-11,888,8,8,8,973
30,2022-02-14,973,9,7,3,280
31,2022-02-15,280,2,8,0,494
32,2022-02-16,494,4,9,4,719
33,2022-02-17,719,7,1,9,98
34,2022-02-18,98,0,9,8,991
35,2022-02-21,991,9,9,1,481
36,2022-02-22,481,4,8,1,520
37,2022-02-23,520,5,2,0,811
38,2022-02-24,811,8,1,1,951
39,2022-02-25,951,9,5,1,358
40,2022-02-28,358,3,5,8,463
41,2022-03-01,463,4,6,3,735
42,2022-03-02,735,7,3,5,907
43,2022-03-03,907,9,0,7,432
44,2022-03-04,432,4,3,2,493
45,2022-03-07,493,4,9,3,348
46,2022-03-08,348,3,4,8,516
47,2022-03-09,516,5,1,6,920
48,2022-03-10,920,9,2,0,790
49,2022-03-11,790,7,9,0,552
50,2022-03-14,552,5,5,2,805
51,2022-03-15,805,8,0,5,567
52,2022-03-16,567,5,6,7,798
53,2022-03-17,798,7,9,8,529
54,2022-03-18,529,5,2,9,133
55,2022-03-21,133,1,3,3,428
56,2022-03-22,428,4,2,8,28
57,2022-03-23,28,0,2,8,959
58,2022-03-24,959,9,5,9,928
59,2022-03-25,928,9,2,8,943
60,2022-03-28,943,9,4,3,515
61,2022-03-29,515,5,1,5,522
62,2022-03-30,522,5,2,2,733
63,2022-03-31,733,7,3,3,194
64,2022-04-01,194,1,9,4,60
65,2022-04-04,60,0,6,0,106
66,2022-04-05,106,1,0,6,922
67,2022-04-06,922,9,2,2,622
68,2022-04-07,622,6,2,2,683
69,2022-04-08,683,6,8,3,391
70,2022-04-11,391,3,9,1,338
71,2022-04-12,338,3,3,8,882
72,2022-04-13,882,8,8,2,859
73,2022-04-14,859,8,5,9,451
74,2022-04-15,451,4,5,1,950
75,2022-04-18,950,9,5,0,124
76,2022-04-19,124,1,2,4,162
77,2022-04-20,162,1,6,2,40
78,2022-04-21,40,0,4,0,193
79,2022-04-22,193,1,9,3,696
80,2022-04-25,696,6,9,6,939
81,2022-04-26,939,9,3,9,183
82,2022-04-27,183,1,8,3,621
83,2022-04-28,621,6,2,1,226
84,2022-04-29,226,2,2,6,468
85,2022-05-02,468,4,6,8,985
86,2022-05-03,985,9,8,5,394
87,2022-05-04,394,3,9,4,655
88,2022-05-05,655,6,5,5,529
89,2022-05-06,529,5,2,9,283
90,2022-05-09,283,2,8,3,408
91,2022-05-10,408,4,0,8,713
92,2022-05-11,713,7,1,3,264
93,2022-05-12,264,2,6,4,612
94,2022-05-13,612,6,1,2,981
95,2022-05-16,981,9,8,1,150
96,2022-05-17,150,1,5,0,7
97,2022-05-18,7,0,0,7,603
98,2022-05-19,603,6,0,3,941
99,2022-05-20,941,9,4,1,319
100,2022-05-23,319,3,1,9,123
101,2022-05-24,123,1,2,3,940
102,2022-05-25,940,9,4,0,544
103,2022-05-26,544,5,4,4,431
104,2022-05-27,431,4,3,1,250
105,2022-05-30,250,2,5,0,790
106,2022-05-31,790,7,9,0,30
107,2022-06-01,30,0,3,0,44
108,2022-06-02,44,0,4,4,677
109,2022-06-03,677,6,7,7,739
110,2022-06-06,739,7,3,9,936
111,2022-06-07,936,9,3,6,640
112,2022-06-08,640,6,4,0,415
113,2022-06-09,415,4,1,5,274
114,2022-06-10,274,2,7,4,272
115,2022-06-13,272,2,7,2,753
116,2022-06-14,753,7,5,3,492
117,2022-06-15,492,4,9,2,597
118,2022-06-16,597,5,9,7,87
119,2022-06-17,87,0,8,7,112
120,2022-06-20,112,1,1,2,445
121,2022-06-21,445,4,4,5,377
122,2022-06-22,377,3,7,7,844
123,2022-06-23,844,8,4,4,959
124,2022-06-24,959,9,5,9,953
125,2022-06-27,953,9,5,3,98
126,2022-06-28,98,0,9,8,483
127,2022-06-29,483,4,8,3,134
128,2022-06-30,134,1,3,4,89
129,2022-07-01,89,0,8,9,671
130,2022-07-04,671,6,7,1,640
131,2022-07-05,640,6,4,0,771
132,2022-07-06,771,7,7,1,628
133,2022-07-07,628,6,2,8,641
134,2022-07-08,641,6,4,1,606
135,2022-07-11,606,6,0,6,43
136,2022-07-12,43,0,4,3,689
137,2022-07-13,689,6,8,9,949
138,2022-07-14,949,9,4,9,359
139,2022-07-15,359,3,5,9,994
140,2022-07-18,994,9,9,4,459
141,2022-07-19,459,4,5,9,941
142,2022-07-20,941,9,4,1,217
143,2022-07-21,217,2,1,7,414
144,2022-07-22,414,4,1,4,370
145,2022-07-25,370,3,7,0,208
146,2022-07-26,208,2,0,8,47
147,2022-07-27,47,0,4,7,691
148,2022-07-28,691,6,9,1,705
149,2022-07-29,705,7,0,5,827
150,2022-08-01,827,8,2,7,890
151,2022-08-02,890,8,9,0,818
152,2022-08-03,818,8,1,8,475
153,2022-08-04,475,4,7,5,509
154,2022-08-05,509,5,0,9,546
155,2022-08-08,546,5,4,6,498
156,2022-08-09,498,4,9,8,257
157,2022-08-10,257,2,5,7,802
158,2022-08-11,802,8,0,2,731
159,2022-08-12,731,7,3,1,33
160,2022-08-15,33,0,3,3,624
161,2022-08-16,624,6,2,4,287
162,2022-08-17,287,2,8,7,302
163,2022-08-18,302,3,0,2,462
164,2022-08-19,462,4,6,2,849
165,2022-08-22,849,8,4,9,48
166,2022-08-23,48,0,4,8,877
167,2022-08-24,877,8,7,7,252
168,2022-08-25,252,2,5,2,514
169,2022-08-26,514,5,1,4,988
170,2022-08-29,988,9,8,8,879
171,2022-08-30,879,8,7,9,685
172,2022-08-31,685,6,8,5,353
173,2022-09-01,353,3,5,3,347
174,2022-09-02,347,3,4,7,591
175,2022-09-05,591,5,9,1,114
176,2022-09-06,114,1,1,4,892
177,2022-09-07,892,8,9,2,20
178,2022-09-08,20,0,2,0,566
179,2022-09-09,566,5,6,6,411
180,2022-09-12,411,4,1,1,170
181,2022-09-13,170,1,7,0,318
182,2022-09-14,318,3,1,8,988
183,2022-09-15,988,9,8,8,979
184,2022-09-16,979,9,7,9,445
185,2022-09-19,445,4,4,5,232
186,2022-09-20,232,2,3,2,281
187,2022-09-21,281,2,8,1,595
188,2022-09-22,595,5,9,5,278
189,2022-09-23,278,2,7,8,222
190,2022-09-26,222,2,2,2,443
191,2022-09-27,443,4,4,3,727
192,2022-09-28,727,7,2,7,274
193,2022-09-29,274,2,7,4,125
194,2022-09-30,125,1,2,5,394
195,2022-10-03,394,3,9,4,9
196,2022-10-04,9,0,0,9,146
197,2022-10-05,146,1,4,6,432
198,2022-10-06,432,4,3,2,31
199,2022-10-07,31,0,3,1,139
200,2022-10-10,139,1,3,9,601
201,2022-10-11,601,6,0,1,630
202,2022-10-12,630,6,3,0,280
203,2022-10-13,280,2,8,0,595
204,2022-10-14,595,5,9,5,763
205,2022-10-17,763,7,6,3,809
206,2022-10-18,809,8,0,9,2
207,2022-10-19,2,0,0,2,804
208,2022-10-20,804,8,0,4,570
209,2022-10-21,570,5,7,0,30
210,2022-10-24,30,0,3,0,46
211,2022-10-25,46,0,4,6,605
212,2022-10-26,605,6,0,5,850
213,2022-10-27,850,8,5,0,849
214,2022-10-28,849,8,4,9,986
215,2022-10-31,986,9,8,6,281
216,2022-11-01,281,2,8,1,746
217,2022-11-02,746,7,4,6,65
218,2022-11-03,65,0,6,5,763
219,2022-11-04,763,7,6,3,89
220,2022-11-07,89,0,8,9,800
221,2022-11-08,800,8,0,0,54
222,2022-11-09,54,0,5,4,394
223,2022-11-10,394,3,9,4,754
224,2022-11-11,754,7,5,4,659
225,2022-11-14,659,6,5,9,641
226,2022-11-15,641,6,4,1,824
227,2022-11-16,824,8,2,4,930
228,2022-11-17,930,9,3,0,947
229,2022-11-18,947,9,4,7,590
230,2022-11-21,590,5,9,0,348
231,2022-11-22,348,3,4,8,533
232,2022-11-23,533,5,3,3,438
233,2022-11-24,438,4,3,8,424
234,2022-11-25,424,4,2,4,754
235,2022-11-28,754,7,5,4,386
236,2022-11-29,386,3,8,6,589
237,2022-11-30,589,5,8,9,978
238,2022-12-01,978,9,7,8,447
239,2022-12-02,447,4,4,7,468
240,2022-12-05,468,4,6,8,658
241,2022-12-06,658,6,5,8,745
242,2022-12-07,745,7,4,5,671
243,2022-12-08,671,6,7,1,742
244,2022-12-09,742,7,4,2,636
245,2022-12-12,636,6,3,6,638
246,2022-12-13,638,6,3,8,799
247,2022-12-14,799,7,9,9,613
248,2022-12-15,613,6,1,3,559
249,2022-12-16,559,5,5,9,460
250,2022-12-19,460,4,6,0,229
251,2022-12-20,229,2,2,9,947
252,2022-12-21,947,9,4,7,35
253,2022-12-22,35,0,3,5,329
254,2022-12-23,329,3,2,9,857
255,2022-12-26,857,8,5,7,929
256,2022-12-27,929,9,2,9,958
257,2022-12-28,958,9,5,8,194
258,2022-12-29,194,1,9,4,953
259,2022-12-30,953,9,5,3,91
1,2023-01-04,91,0,9,1,433
2,2023-01-05,433,4,3,3,185
3,2023-01-06,185,1,8,5,661
4,2023-01-09,661,6,6,1,203
5,2023-01-10,203,2,0,3,204
6,2023-01-11,204,2,0,4,55
7,2023-01-12,55,0,5,5,118
8,2023-01-13,118,1,1,8,169
9,2023-01-16,169,1,6,9,625
10,2023-01-17,625,6,2,5,963
11,2023-01-18,963,9,6,3,611
12,2023-01-19,611,6,1,1,630
13,2023-01-20,630,6,3,0,606
14,2023-01-23,606,6,0,6,167
15,2023-01-24,167,1,6,7,252
16,2023-01-25,252,2,5,2,637
17,2023-01-26,637,6,3,7,310
18,2023-01-27,310,3,1,0,108
19,2023-01-30,108,1,0,8,482
20,2023-01-31,482,4,8,2,226
21,2023-02-01,226,2,2,6,596
22,2023-02-02,596,5,9,6,566
23,2023-02-03,566,5,6,6,514
24,2023-02-06,514,5,1,4,168
25,2023-02-07,168,1,6,8,716
26,2023-02-08,716,7,1,6,310
27,2023-02-09,310,3,1,0,470
28,2023-02-10,470,4,7,0,309
29,2023-02-13,309,3,0,9,727
30,2023-02-14,727,7,2,7,268
31,2023-02-15,268,2,6,8,657
32,2023-02-16,657,6,5,7,986
33,2023-02-17,986,9,8,6,800
34,2023-02-20,800,8,0,0,520
35,2023-02-21,520,5,2,0,460
36,2023-02-22,460,4,6,0,909
37,2023-02-23,909,9,0,9,432
38,2023-02-24,432,4,3,2,424
39,2023-02-27,424,4,2,4,715
40,2023-02-28,715,7,1,5,989
41,2023-03-01,989,9,8,9,474
42,2023-03-02,474,4,7,4,609
43,2023-03-03,609,6,0,9,145
44,2023-03-06,145,1,4,5,276
45,2023-03-07,276,2,7,6,175
46,2023-03-08,175,1,7,5,92
47,2023-03-09,92,0,9,2,429
48,2023-03-10,429,4,2,9,674
49,2023-03-13,674,6,7,4,144
50,2023-03-14,144,1,4,4,134
51,2023-03-15,134,1,3,4,232
52,2023-03-16,232,2,3,2,161
53,2023-03-17,161,1,6,1,675
54,2023-03-20,675,6,7,5,337
55,2023-03-21,337,3,3,7,928
56,2023-03-22,928,9,2,8,325
57,2023-03-23,325,3,2,5,484
58,2023-03-24,484,4,8,4,321
59,2023-03-27,321,3,2,1,137
60,2023-03-28,137,1,3,7,320
61,2023-03-29,320,3,2,0,839
62,2023-03-30,839,8,3,9,694
63,2023-03-31,694,6,9,4,9
64,2023-04-03,9,0,0,9,911
65,2023-04-04,911,9,1,1,644
66,2023-04-05,644,6,4,4,258
67,2023-04-06,258,2,5,8,278
68,2023-04-07,278,2,7,8,847
69,2023-04-10,847,8,4,7,600
70,2023-04-11,600,6,0,0,890
71,2023-04-12,890,8,9,0,101
72,2023-04-13,101,1,0,1,543
73,2023-04-14,543,5,4,3,72
74,2023-04-17,72,0,7,2,188
75,2023-04-18,188,1,8,8,733
76,2023-04-19,733,7,3,3,423
77,2023-04-20,423,4,2,3,962
78,2023-04-21,962,9,6,2,178
79,2023-04-24,178,1,7,8,273
80,2023-04-25,273,2,7,3,799
81,2023-04-26,799,7,9,9,958
82,2023-04-27,958,9,5,8,953
83,2023-04-28,953,9,5,3,237
84,2023-05-01,237,2,3,7,372
85,2023-05-02,372,3,7,2,828
86,2023-05-03,828,8,2,8,19
87,2023-05-04,19,0,1,9,788
88,2023-05-05,788,7,8,8,734
89,2023-05-08,734,7,3,4,675
90,2023-05-09,675,6,7,5,746
91,2023-05-10,746,7,4,6,218
92,2023-05-11,218,2,1,8,140
93,2023-05-12,140,1,4,0,55
94,2023-05-15,55,0,5,5,464
95,2023-05-16,464,4,6,4,620
96,2023-05-17,620,6,2,0,350
97,2023-05-18,350,3,5,0,138
98,2023-05-19,138,1,3,8,292
99,2023-05-22,292,2,9,2,931
100,2023-05-23,931,9,3,1,584
101,2023-05-24,584,5,8,4,908
102,2023-05-25,908,9,0,8,277
103,2023-05-26,277,2,7,7,22
104,2023-05-29,22,0,2,2,41
105,2023-05-30,41,0,4,1,47
106,2023-05-31,47,0,4,7,608
107,2023-06-01,608,6,0,8,322
108,2023-06-02,322,3,2,2,753
109,2023-06-05,753,7,5,3,76
110,2023-06-06,76,0,7,6,995
111,2023-06-07,995,9,9,5,232
112,2023-06-08,232,2,3,2,583
113,2023-06-09,583,5,8,3,88
114,2023-06-12,88,0,8,8,370
115,2023-06-13,370,3,7,0,809
116,2023-06-14,809,8,0,9,469
117,2023-06-15,469,4,6,9,377
118,2023-06-16,377,3,7,7,893
119,2023-06-19,893,8,9,3,499
120,2023-06-20,499,4,9,9,941
121,2023-06-21,941,9,4,1,357
122,2023-06-22,357,3,5,7,781
123,2023-06-23,781,7,8,1,600
124,2023-06-26,600,6,0,0,305
125,2023-06-27,305,3,0,5,342
126,2023-06-28,342,3,4,2,795
127,2023-06-29,795,7,9,5,455
128,2023-06-30,455,4,5,5,430
129,2023-07-03,430,4,3,0,921
130,2023-07-04,921,9,2,1,574
131,2023-07-05,574,5,7,4,893
132,2023-07-06,893,8,9,3,637
133,2023-07-07,637,6,3,7,888
134,2023-07-10,888,8,8,8,688
135,2023-07-11,688,6,8,8,339
136,2023-07-12,339,3,3,9,112
137,2023-07-13,112,1,1,2,642
138,2023-07-14,642,6,4,2,974
139,2023-07-17,974,9,7,4,97
140,2023-07-18,97,0,9,7,857
141,2023-07-19,857,8,5,7,430
142,2023-07-20,430,4,3,0,831
143,2023-07-21,831,8,3,1,785
144,2023-07-24,785,7,8,5,23
145,2023-07-25,23,0,2,3,199
146,2023-07-26,199,1,9,9,243
147,2023-07-27,243,2,4,3,558
148,2023-07-28,558,5,5,8,353
149,2023-07-31,353,3,5,3,684
150,2023-08-01,684,6,8,4,507
151,2023-08-02,507,5,0,7,427
152,2023-08-03,427,4,2,7,485
153,2023-08-04,485,4,8,5,555
154,2023-08-07,555,5,5,5,422
155,2023-08-08,422,4,2,2,840
156,2023-08-09,840,8,4,0,692
157,2023-08-10,692,6,9,2,485
158,2023-08-11,485,4,8,5,622
159,2023-08-14,622,6,2,2,747
160,2023-08-15,747,7,4,7,748
161,2023-08-16,748,7,4,8,68
162,2023-08-17,68,0,6,8,35
163,2023-08-18,35,0,3,5,846
164,2023-08-21,846,8,4,6,935
165,2023-08-22,935,9,3,5,326
166,2023-08-23,326,3,2,6,758
167,2023-08-24,758,7,5,8,12
168,2023-08-25,12,0,1,2,18
169,2023-08-28,18,0,1,8,672
170,2023-08-29,672,6,7,2,216
171,2023-08-30,216,2,1,6,52
172,2023-08-31,52,0,5,2,781
173,2023-09-01,781,7,8,1,940
174,2023-09-04,940,9,4,0,7
175,2023-09-05,7,0,0,7,117
176,2023-09-06,117,1,1,7,164
177,2023-09-07,164,1,6,4,928
178,2023-09-08,928,9,2,8,286
179,2023-09-11,286,2,8,6,917
180,2023-09-12,917,9,1,7,751
181,2023-09-13,751,7,5,1,580
182,2023-09-14,580,5,8,0,579
183,2023-09-15,579,5,7,9,577
184,2023-09-18,577,5,7,7,484
185,2023-09-19,484,4,8,4,669
186,2023-09-20,669,6,6,9,876
187,2023-09-21,876,8,7,6,17
188,2023-09-22,17,0,1,7,951
189,2023-09-25,951,9,5,1,251
190,2023-09-26,251,2,5,1,305
191,2023-09-27,305,3,0,5,184
192,2023-09-28,184,1,8,4,103
193,2023-09-29,103,1,0,3,951
194,2023-10-02,951,9,5,1,220
195,2023-10-03,220,2,2,0,484
196,2023-10-04,484,4,8,4,68
197,2023-10-05,68,0,6,8,235
198,2023-10-06,235,2,3,5,209
199,2023-10-09,209,2,0,9,414
200,2023-10-10,414,4,1,4,590
201,2023-10-11,590,5,9,0,550
202,2023-10-12,550,5,5,0,549
203,2023-10-13,549,5,4,9,149
204,2023-10-16,149,1,4,9,844
205,2023-10-17,844,8,4,4,373
206,2023-10-18,373,3,7,3,985
207,2023-10-19,985,9,8,5,712
208,2023-10-20,712,7,1,2,110
209,2023-10-23,110,1,1,0,509
210,2023-10-24,509,5,0,9,880
211,2023-10-25,880,8,8,0,878
212,2023-10-26,878,8,7,8,374
213,2023-10-27,374,3,7,4,400
214,2023-10-30,400,4,0,0,645
215,2023-10-31,645,6,4,5,208
216,2023-11-01,208,2,0,8,840
217,2023-11-02,840,8,4,0,6
218,2023-11-03,6,0,0,6,282
219,2023-11-06,282,2,8,2,595
220,2023-11-07,595,5,9,5,114
221,2023-11-08,114,1,1,4,866
222,2023-11-09,866,8,6,6,60
223,2023-11-10,60,0,6,0,566
224,2023-11-13,566,5,6,6,208
225,2023-11-14,208,2,0,8,802
226,2023-11-15,802,8,0,2,105
227,2023-11-16,105,1,0,5,158
228,2023-11-17,158,1,5,8,502
229,2023-11-20,502,5,0,2,109
230,2023-11-21,109,1,0,9,584
231,2023-11-22,584,5,8,4,443
232,2023-11-23,443,4,4,3,470
233,2023-11-24,470,4,7,0,770
234,2023-11-27,770,7,7,0,41
235,2023-11-28,41,0,4,1,949
236,2023-11-29,949,9,4,9,60
237,2023-11-30,60,0,6,0,82
238,2023-12-01,82,0,8,2,511
239,2023-12-04,511,5,1,1,557
240,2023-12-05,557,5,5,7,204
241,2023-12-06,204,2,0,4,384
242,2023-12-07,384,3,8,4,183
243,2023-12-08,183,1,8,3,558
244,2023-12-11,558,5,5,8,544
245,2023-12-12,544,5,4,4,104
246,2023-12-13,104,1,0,4,169
247,2023-12-14,169,1,6,9,230
248,2023-12-15,230,2,3,0,532
249,2023-12-18,532,5,3,2,118
250,2023-12-19,118,1,1,8,153
251,2023-12-20,153,1,5,3,304
252,2023-12-21,304,3,0,4,850
253,2023-12-22,850,8,5,0,49
254,2023-12-25,49,0,4,9,906
255,2023-12-26,906,9,0,6,451
256,2023-12-27,451,4,5,1,90
257,2023-12-28,90,0,9,0,429
258,2023-12-29,429,4,2,9,13
1,2024-01-04,13,0,1,3,491
2,2024-01-05,491,4,9,1,565
3,2024-01-08,565,5,6,5,389
4,2024-01-09,389,3,8,9,460
5,2024-01-10,460,4,6,0,341
6,2024-01-11,341,3,4,1,919
7,2024-01-12,919,9,1,9,833
8,2024-01-15,833,8,3,3,780
9,2024-01-16,780,7,8,0,320
10,2024-01-17,320,3,2,0,604
11,2024-01-18,604,6,0,4,91
12,2024-01-19,91,0,9,1,385
13,2024-01-22,385,3,8,5,715
14,2024-01-23,715,7,1,5,725
15,2024-01-24,725,7,2,5,796
16,2024-01-25,796,7,9,6,101
17,2024-01-26,101,1,0,1,419
18,2024-01-29,419,4,1,9,802
19,2024-01-30,802,8,0,2,723
20,2024-01-31,723,7,2,3,310
21,2024-02-01,310,3,1,0,546
22,2024-02-02,546,5,4,6,515
23,2024-02-03,515,5,1,5,458
24,2024-02-05,458,4,5,8,945
25,2024-02-06,945,9,4,5,791
26,2024-02-07,791,7,9,1,948
27,2024-02-08,948,9,4,8,706
28,2024-02-09,706,7,0,6,916
29,2024-02-12,916,9,1,6,55
30,2024-02-13,55,0,5,5,692
31,2024-02-14,692,6,9,2,963
32,2024-02-15,963,9,6,3,394
33,2024-02-16,394,3,9,4,920
34,2024-02-19,920,9,2,0,541
35,2024-02-20,541,5,4,1,105
36,2024-02-21,105,1,0,5,633
37,2024-02-22,633,6,3,3,834
38,2024-02-23,834,8,3,4,834
39,2024-02-26,834,8,3,4,358
40,2024-02-27,358,3,5,8,983
41,2024-02-28,983,9,8,3,414
42,2024-02-29,414,4,1,4,367
43,2024-03-01,367,3,6,7,17
44,2024-03-04,17,0,1,7,566
45,2024-03-05,566,5,6,6,395
46,2024-03-06,395,3,9,5,956
47,2024-03-07,956,9,5,6,810
48,2024-03-08,810,8,1,0,366
49,2024-03-11,366,3,6,6,494
50,2024-03-12,494,4,9,4,388
51,2024-03-13,388,3,8,8,833
52,2024-03-14,833,8,3,3,957
53,2024-03-15,957,9,5,7,378
54,2024-03-18,378,3,7,8,991
55,2024-03-19,991,9,9,1,978
56,2024-03-20,978,9,7,8,495
57,2024-03-21,495,4,9,5,59
58,2024-03-22,59,0,5,9,391
59,2024-03-25,391,3,9,1,504
60,2024-03-26,504,5,0,4,346
61,2024-03-27,346,3,4,6,578
62,2024-03-28,578,5,7,8,150
63,2024-03-29,150,1,5,0,603
64,2024-04-01,603,6,0,3,440
65,2024-04-02,440,4,4,0,992
66,2024-04-03,992,9,9,2,965
67,2024-04-04,965,9,6,5,693
68,2024-04-05,693,6,9,3,881
69,2024-04-08,881,8,8,1,18
70,2024-04-09,18,0,1,8,668
71,2024-04-10,668,6,6,8,627
72,2024-04-11,627,6,2,7,490
73,2024-04-12,490,4,9,0,89
74,2024-04-15,89,0,8,9,81
75,2024-04-16,81,0,8,1,180
76,2024-04-17,180,1,8,0,736
77,2024-04-18,736,7,3,6,910
78,2024-04-19,910,9,1,0,941
79,2024-04-22,941,9,4,1,806
80,2024-04-23,806,8,0,6,975
81,2024-04-24,975,9,7,5,981
82,2024-04-25,981,9,8,1,279
83,2024-04-26,279,2,7,9,898
84,2024-04-29,898,8,9,8,20
85,2024-04-30,20,0,2,0,907
86,2024-05-01,907,9,0,7,313
87,2024-05-02,313,3,1,3,666
88,2024-05-03,666,6,6,6,827
89,2024-05-06,827,8,2,7,282
90,2024-05-07,282,2,8,2,412
91,2024-05-08,412,4,1,2,271
92,2024-05-09,271,2,7,1,473
93,2024-05-10,473,4,7,3,186
94,2024-05-13,186,1,8,6,772
95,2024-05-14,772,7,7,2,219
96,2024-05-15,219,2,1,9,943
97,2024-05-16,943,9,4,3,872
98,2024-05-17,872,8,7,2,156
99,2024-05-20,156,1,5,6,526
100,2024-05-21,526,5,2,6,719
101,2024-05-22,719,7,1,9,268
102,2024-05-23,268,2,6,8,267
103,2024-05-24,267,2,6,7,161
104,2024-05-27,161,1,6,1,564
105,2024-05-28,564,5,6,4,419
106,2024-05-29,419,4,1,9,933
107,2024-05-30,933,9,3,3,904
108,2024-05-31,904,9,0,4,199
109,2024-06-03,199,1,9,9,478
110,2024-06-04,478,4,7,8,712
111,2024-06-05,712,7,1,2,781
112,2024-06-06,781,7,8,1,455
113,2024-06-07,455,4,5,5,760
114,2024-06-10,760,7,6,0,529
115,2024-06-11,529,5,2,9,788
116,2024-06-12,788,7,8,8,435
117,2024-06-13,435,4,3,5,632
118,2024-06-14,632,6,3,2,421
119,2024-06-17,421,4,2,1,119
120,2024-06-18,119,1,1,9,665
121,2024-06-19,665,6,6,5,17
122,2024-06-20,17,0,1,7,668
123,2024-06-21,668,6,6,8,484
124,2024-06-24,484,4,8,4,18
125,2024-06-25,18,0,1,8,426
126,2024-06-26,426,4,2,6,280
127,2024-06-27,280,2,8,0,364
128,2024-06-28,364,3,6,4,724
129,2024-07-01,724,7,2,4,732
130,2024-07-02,732,7,3,2,94
131,2024-07-03,94,0,9,4,575
132,2024-07-04,575,5,7,5,993
133,2024-07-05,993,9,9,3,810
134,2024-07-08,810,8,1,0,273
135,2024-07-09,273,2,7,3,224
136,2024-07-10,224,2,2,4,335
137,2024-07-11,335,3,3,5,475
138,2024-07-12,475,4,7,5,98
139,2024-07-15,98,0,9,8,884
140,2024-07-16,884,8,8,4,100
141,2024-07-17,100,1,0,0,864
142,2024-07-18,864,8,6,4,86
143,2024-07-19,86,0,8,6,937
144,2024-07-22,937,9,3,7,620
145,2024-07-23,620,6,2,0,643
146,2024-07-24,643,6,4,3,503
147,2024-07-25,503,5,0,3,498
148,2024-07-26,498,4,9,8,853
149,2024-07-29,853,8,5,3,343
150,2024-07-30,343,3,4,3,392
151,2024-07-31,392,3,9,2,98
152,2024-08-01,98,0,9,8,127
153,2024-08-02,127,1,2,7,280
153,2024-08-05,280,2,8,0,802
154,2024-08-06,802,8,0,2,862
155,2024-08-07,862,8,6,2,36
156,2024-08-08,36,0,3,6,270
157,2024-08-09,270,2,7,0,580
158,2024-08-12,580,5,8,0,701
159,2024-08-13,701,7,0,1,51
160,2024-08-14,51,0,5,1,337
161,2024-08-15,337,3,3,7,322
162,2024-08-16,322,3,2,2,684
163,2024-08-19,684,6,8,4,772
164,2024-08-20,772,7,7,2,803
165,2024-08-21,803,8,0,3,801
166,2024-08-22,801,8,0,1,67
167,2024-08-23,67,0,6,7,900
168,2024-08-26,900,9,0,0,376
169,2024-08-27,376,3,7,6,656
170,2024-08-28,656,6,5,6,355
171,2024-08-29,355,3,5,5,864
172,2024-08-30,864,8,6,4,398
173,2024-09-02,398,3,9,8,216
174,2024-09-03,216,2,1,6,385
175,2024-09-04,385,3,8,5,666
176,2024-09-05,666,6,6,6,827
177,2024-09-06,827,8,2,7,500
178,2024-09-09,500,5,0,0,811
179,2024-09-10,811,8,1,1,508
180,2024-09-11,508,5,0,8,527
181,2024-09-12,527,5,2,7,215
182,2024-09-13,215,2,1,5,319
183,2024-09-16,319,3,1,9,669
184,2024-09-17,669,6,6,9,430
185,2024-09-18,430,4,3,0,297
186,2024-09-19,297,2,9,7,776
187,2024-09-20,776,7,7,6,808
188,2024-09-23,808,8,0,8,844
189,2024-09-24,844,8,4,4,835
190,2024-09-25,835,8,3,5,841
191,2024-09-26,841,8,4,1,171
192,2024-09-27,171,1,7,1,549
193,2024-09-30,549,5,4,9,484
194,2024-10-01,484,4,8,4,190
195,2024-10-02,190,1,9,0,97
196,2024-10-03,97,0,9,7,610
197,2024-10-04,610,6,1,0,477
198,2024-10-07,477,4,7,7,14
199,2024-10-08,14,0,1,4,113
200,2024-10-09,113,1,1,3,264
201,2024-10-10,264,2,6,4,751
202,2024-10-11,751,7,5,1,202
203,2024-10-14,202,2,0,2,582
204,2024-10-15,582,5,8,2,983
205,2024-10-16,983,9,8,3,546
206,2024-10-17,546,5,4,6,411
207,2024-10-18,411,4,1,1,934
208,2024-10-21,934,9,3,4,731
209,2024-10-22,731,7,3,1,691
210,2024-10-23,691,6,9,1,21
211,2024-10-24,21,0,2,1,783
212,2024-10-25,783,7,8,3,830
213,2024-10-28,830,8,3,0,161
214,2024-10-29,161,1,6,1,60
215,2024-10-30,60,0,6,0,133
216,2024-10-31,133,1,3,3,241
217,2024-11-01,241,2,4,1,187
218,2024-11-04,187,1,8,7,290
219,2024-11-05,290,2,9,0,359
220,2024-11-06,359,3,5,9,395
221,2024-11-07,395,3,9,5,984
222,2024-11-08,984,9,8,4,230
223,2024-11-11,230,2,3,0,518
224,2024-11-12,518,5,1,8,91
225,2024-11-13,91,0,9,1,530
226,2024-11-14,530,5,3,0,91
227,2024-11-15,91,0,9,1,35
228,2024-11-18,35,0,3,5,956
229,2024-11-19,956,9,5,6,406
230,2024-11-20,406,4,0,6,138
231,2024-11-21,138,1,3,8,147
232,2024-11-22,147,1,4,7,566
233,2024-11-25,566,5,6,6,814
234,2024-11-26,814,8,1,4,638
235,2024-11-27,638,6,3,8,878
236,2024-11-28,878,8,7,8,656
237,2024-11-29,656,6,5,6,175
238,2024-12-02,175,1,7,5,340
239,2024-12-03,340,3,4,0,517
