date,y,log1,log12,window12,expanding,t
2018-01-22,122,955.0,858.0,700.9166666666666,700.9166666666666,0
2018-01-23,327,122.0,384.0,639.5833333333334,656.3846153846154,1
2018-01-24,92,327.0,976.0,634.8333333333334,632.8571428571429,2
2018-01-25,282,92.0,930.0,561.1666666666666,596.8,3
2018-01-26,956,282.0,634.0,507.1666666666667,577.125,4
2018-01-29,415,956.0,223.0,534.0,599.4117647058823,5
2018-01-30,432,415.0,413.0,550.0,589.1666666666666,6
2018-01-31,437,432.0,881.0,551.5833333333334,580.8947368421053,7
2018-02-01,546,437.0,368.0,514.5833333333334,573.7,8
2018-02-02,291,546.0,873.0,529.4166666666666,572.3809523809524,9
2018-02-05,461,291.0,916.0,480.9166666666667,559.5909090909091,10
2018-02-06,139,461.0,955.0,443.0,555.304347826087,11
2018-02-07,138,139.0,122.0,375.0,537.9583333333334,12
2018-02-08,448,138.0,327.0,376.3333333333333,521.96,13
2018-02-09,936,448.0,92.0,386.4166666666667,519.1153846153846,14
2018-02-12,221,936.0,282.0,456.75,534.5555555555555,15
2018-02-13,876,221.0,956.0,451.6666666666667,523.3571428571429,16
2018-02-14,347,876.0,415.0,445.0,535.5172413793103,17
2018-02-15,631,347.0,432.0,439.3333333333333,529.2333333333333,18
2018-02-16,725,631.0,437.0,455.9166666666667,532.516129032258,19
2018-02-19,949,725.0,546.0,479.9166666666667,538.53125,20
2018-02-20,271,949.0,291.0,513.5,550.969696969697,21
2018-02-21,545,271.0,461.0,511.8333333333333,542.7352941176471,22
2018-02-22,320,545.0,139.0,518.8333333333334,542.8,23
2018-02-23,60,320.0,138.0,533.9166666666666,536.6111111111111,24
2018-02-26,60,60.0,448.0,527.4166666666666,523.7297297297297,25
2018-02-27,350,60.0,936.0,495.0833333333333,511.5263157894737,26
2018-02-28,839,350.0,221.0,446.25,507.38461538461536,27
2018-03-01,382,839.0,876.0,497.75,515.675,28
2018-03-02,776,382.0,347.0,456.5833333333333,512.4146341463414,29
2018-03-05,411,776.0,631.0,492.3333333333333,518.6904761904761,30
2018-03-06,586,411.0,725.0,474.0,516.1860465116279,31
2018-03-07,45,586.0,949.0,462.4166666666667,517.7727272727273,32
2018-03-08,123,45.0,271.0,387.0833333333333,507.26666666666665,33
2018-03-09,720,123.0,545.0,374.75,498.9130434782609,34
2018-03-12,497,720.0,320.0,389.3333333333333,503.6170212765957,35
2018-03-13,243,497.0,60.0,404.0833333333333,503.4791666666667,36
2018-03-14,363,243.0,60.0,419.3333333333333,498.16326530612247,37
2018-03-15,236,363.0,350.0,444.5833333333333,495.46,38
2018-03-16,399,236.0,839.0,435.0833333333333,490.37254901960785,39
2018-03-19,217,399.0,382.0,398.4166666666667,488.61538461538464,40
2018-03-20,118,217.0,776.0,384.6666666666667,483.49056603773585,41
2018-03-21,486,118.0,411.0,329.8333333333333,476.72222222222223,42
2018-03-22,29,486.0,586.0,336.0833333333333,476.8909090909091,43
2018-03-23,900,29.0,45.0,289.6666666666667,468.89285714285717,44
2018-03-26,484,900.0,123.0,360.9166666666667,476.4561403508772,45
2018-03-27,905,484.0,720.0,391.0,476.58620689655174,46
2018-03-28,800,905.0,497.0,406.4166666666667,483.8474576271187,47
2018-03-29,339,800.0,243.0,431.6666666666667,489.1166666666667,48
2018-03-30,950,339.0,363.0,439.6666666666667,486.655737704918,49
2018-04-02,684,950.0,236.0,488.5833333333333,494.1290322580645,50
2018-04-03,507,684.0,399.0,525.9166666666666,497.14285714285717,51
2018-04-04,750,507.0,217.0,534.9166666666666,497.296875,52
2018-04-05,352,750.0,118.0,579.3333333333334,501.18461538461537,53
2018-04-06,516,352.0,486.0,598.8333333333334,498.92424242424244,54
2018-04-09,760,516.0,29.0,601.3333333333334,499.17910447761193,55
2018-04-10,16,760.0,900.0,662.25,503.0147058823529,56
2018-04-11,759,16.0,484.0,588.5833333333334,495.95652173913044,57
2018-04-12,196,759.0,905.0,611.5,499.7142857142857,58
2018-04-13,775,196.0,800.0,552.4166666666666,495.4366197183099,59
2018-04-16,118,775.0,339.0,550.3333333333334,499.31944444444446,60
2018-04-17,993,118.0,950.0,531.9166666666666,494.09589041095893,61
2018-04-18,984,993.0,684.0,535.5,500.8378378378378,62
2018-04-19,159,984.0,507.0,560.5,507.28,63
2018-04-20,955,159.0,750.0,531.5,502.69736842105266,64
2018-04-23,716,955.0,352.0,548.5833333333334,508.57142857142856,65
2018-04-24,936,716.0,516.0,578.9166666666666,511.2307692307692,66
2018-04-25,81,936.0,760.0,613.9166666666666,516.6075949367089,67
2018-04-26,355,81.0,16.0,557.3333333333334,511.1625,68
2018-04-27,714,355.0,759.0,585.5833333333334,509.2345679012346,69
2018-04-30,2,714.0,196.0,581.8333333333334,511.7317073170732,70
2018-05-01,440,2.0,775.0,565.6666666666666,505.5903614457831,71
2018-05-02,372,440.0,118.0,537.75,504.8095238095238,72
2018-05-03,589,372.0,993.0,558.9166666666666,503.2470588235294,73
2018-05-04,119,589.0,984.0,525.25,504.24418604651163,74
2018-05-07,299,119.0,159.0,453.1666666666667,499.81609195402297,75
2018-05-08,909,299.0,955.0,464.8333333333333,497.53409090909093,76
2018-05-09,37,909.0,716.0,461.0,502.1573033707865,77
2018-05-10,402,37.0,936.0,404.4166666666667,496.9888888888889,78
2018-05-11,30,402.0,81.0,359.9166666666667,495.94505494505495,79
2018-05-14,604,30.0,355.0,355.6666666666667,490.8804347826087,80
2018-05-15,497,604.0,714.0,376.4166666666667,492.0967741935484,81
2018-05-16,909,497.0,2.0,358.3333333333333,492.1489361702128,82
2018-05-17,851,909.0,440.0,433.9166666666667,496.53684210526313,83
2018-05-18,934,851.0,372.0,468.1666666666667,500.2291666666667,84
2018-05-21,109,934.0,589.0,515.0,504.70103092783506,85
2018-05-22,531,109.0,119.0,475.0,500.66326530612247,86
2018-05-23,393,531.0,299.0,509.3333333333333,500.969696969697,87
2018-05-24,496,393.0,909.0,517.1666666666666,499.89,88
2018-05-25,535,496.0,37.0,482.75,499.8514851485148,89
2018-05-28,513,535.0,402.0,524.25,500.19607843137254,90
2018-05-29,797,513.0,30.0,533.5,500.3203883495146,91
2018-05-30,648,797.0,604.0,597.4166666666666,503.1730769230769,92
2018-05-31,319,648.0,497.0,601.0833333333334,504.55238095238093,93
2018-06-01,669,319.0,909.0,586.25,502.8018867924528,94
2018-06-04,173,669.0,851.0,566.25,504.3551401869159,95
2018-06-05,269,173.0,934.0,509.75,501.287037037037,96
2018-06-06,557,269.0,109.0,454.3333333333333,499.1559633027523,97
2018-06-07,653,557.0,531.0,491.6666666666667,499.6818181818182,98
2018-06-08,137,653.0,393.0,501.8333333333333,501.06306306306305,99
2018-06-11,413,137.0,496.0,480.5,497.8125,100
2018-06-12,193,413.0,535.0,473.5833333333333,497.0619469026549,101
2018-06-13,642,193.0,513.0,445.0833333333333,494.39473684210526,102
2018-06-14,487,642.0,797.0,455.8333333333333,495.67826086956524,103
2018-06-15,765,487.0,648.0,430.0,495.6034482758621,104
2018-06-18,119,765.0,319.0,439.75,497.9059829059829,105
2018-06-19,182,119.0,669.0,423.0833333333333,494.6949152542373,106
2018-06-20,912,182.0,173.0,382.5,492.06722689075633,107
2018-06-21,18,912.0,269.0,444.0833333333333,495.56666666666666,108
2018-06-22,1,18.0,557.0,423.1666666666667,491.6198347107438,109
2018-06-25,549,1.0,653.0,376.8333333333333,487.5983606557377,110
2018-06-26,256,549.0,137.0,368.1666666666667,488.0975609756098,111
2018-06-27,32,256.0,413.0,378.0833333333333,486.2258064516129,112
2018-06-28,751,32.0,193.0,346.3333333333333,482.592,113
2018-06-29,349,751.0,642.0,392.8333333333333,484.72222222222223,114
2018-07-02,193,349.0,487.0,368.4166666666667,483.65354330708664,115
2018-07-03,489,193.0,765.0,343.9166666666667,481.3828125,116
2018-07-04,901,489.0,119.0,320.9166666666667,481.4418604651163,117
2018-07-05,668,901.0,182.0,386.0833333333333,484.66923076923075,118
2018-07-06,870,668.0,912.0,426.5833333333333,486.0687022900763,119
2018-07-09,61,870.0,18.0,423.0833333333333,488.97727272727275,120
2018-07-10,625,61.0,1.0,426.6666666666667,485.7593984962406,121
2018-07-11,223,625.0,549.0,478.6666666666667,486.7985074626866,122
2018-07-12,205,223.0,256.0,451.5,484.84444444444443,123
2018-07-13,989,205.0,32.0,447.25,482.7867647058824,124
2018-07-16,176,989.0,751.0,527.0,486.48175182481754,125
2018-07-17,877,176.0,349.0,479.0833333333333,484.231884057971,126
2018-07-18,580,877.0,193.0,523.0833333333334,487.0575539568345,127
2018-07-19,51,580.0,489.0,555.3333333333334,487.7214285714286,128
2018-07-20,115,51.0,901.0,518.8333333333334,484.6241134751773,129
2018-07-23,330,115.0,668.0,453.3333333333333,482.0211267605634,130
2018-07-24,977,330.0,870.0,425.1666666666667,480.958041958042,131
2018-07-25,778,977.0,61.0,434.0833333333333,484.40277777777777,132
2018-07-26,220,778.0,625.0,493.8333333333333,486.42758620689654,133
2018-07-27,241,220.0,223.0,460.0833333333333,484.6027397260274,134
2018-07-30,96,241.0,205.0,461.5833333333333,482.94557823129253,135
2018-07-31,430,96.0,989.0,452.5,480.3310810810811,136
2018-08-01,918,430.0,176.0,405.9166666666667,479.99328859060404,137
2018-08-02,644,918.0,877.0,467.75,482.91333333333336,138
2018-08-03,646,644.0,580.0,448.3333333333333,483.9801324503311,139
2018-08-06,47,646.0,51.0,453.8333333333333,485.04605263157896,140
2018-08-07,260,47.0,115.0,453.5,482.1830065359477,141
2018-08-08,529,260.0,330.0,465.5833333333333,480.7402597402597,142
2018-08-09,879,529.0,977.0,482.1666666666667,481.0516129032258,143
2018-08-10,890,879.0,778.0,474.0,483.6025641025641,144
2018-08-13,69,890.0,220.0,483.3333333333333,486.1910828025478,145
2018-08-14,322,69.0,241.0,470.75,483.5506329113924,146
2018-08-15,505,322.0,96.0,477.5,482.5345911949685,147
2018-08-16,480,505.0,430.0,511.5833333333333,482.675,148
2018-08-17,131,480.0,918.0,515.75,482.6583850931677,149
2018-08-20,203,131.0,644.0,450.1666666666667,480.48765432098764,150
2018-08-21,78,203.0,646.0,413.4166666666667,478.7852760736196,151
2018-08-22,308,78.0,47.0,366.0833333333333,476.3414634146341,152
2018-08-23,371,308.0,260.0,387.8333333333333,475.3212121212121,153
2018-08-24,75,371.0,529.0,397.0833333333333,474.6927710843373,154
2018-08-27,300,75.0,879.0,359.25,472.29940119760477,155
2018-08-28,650,300.0,890.0,311.0,471.2738095238095,156
2018-08-29,731,650.0,69.0,291.0,472.3313609467456,157
2018-08-30,943,731.0,322.0,346.1666666666667,473.8529411764706,158
2018-08-31,271,943.0,505.0,397.9166666666667,476.5964912280702,159
2018-09-03,45,271.0,480.0,378.4166666666667,475.4011627906977,160
2018-09-04,317,45.0,131.0,342.1666666666667,472.91329479768785,161
2018-09-05,488,317.0,203.0,357.6666666666667,472.01724137931035,162
2018-09-06,480,488.0,78.0,381.4166666666667,472.10857142857145,163
2018-09-07,571,480.0,308.0,414.9166666666667,472.15340909090907,164
2018-09-10,635,571.0,371.0,436.8333333333333,472.7118644067797,165
2018-09-11,283,635.0,75.0,458.8333333333333,473.62359550561797,166
2018-09-12,739,283.0,300.0,476.1666666666667,472.5586592178771,167
2018-09-13,704,739.0,650.0,512.75,474.0388888888889,168
2018-09-14,589,704.0,731.0,517.25,475.30939226519337,169
2018-09-17,674,589.0,943.0,505.4166666666667,475.9340659340659,170
2018-09-18,960,674.0,271.0,483.0,477.0163934426229,171
2018-09-19,46,960.0,45.0,540.4166666666666,479.64130434782606,172
2018-09-20,234,46.0,317.0,540.5,477.2972972972973,173
2018-09-21,681,234.0,488.0,533.5833333333334,475.98924731182797,174
2018-09-24,240,681.0,480.0,549.6666666666666,477.0855614973262,175
2018-09-25,365,240.0,571.0,529.6666666666666,475.8244680851064,176
2018-09-26,763,365.0,635.0,512.5,475.23809523809524,177
2018-09-27,26,763.0,283.0,523.1666666666666,476.7526315789474,178
2018-09-28,669,26.0,739.0,501.75,474.39267015706804,179
2018-10-01,942,669.0,704.0,495.9166666666667,475.40625,180
2018-10-02,461,942.0,589.0,515.75,477.8238341968912,181
2018-10-03,877,461.0,674.0,505.0833333333333,477.7371134020619,182
2018-10-04,449,877.0,960.0,522.0,479.7846153846154,183
2018-10-05,233,449.0,46.0,479.4166666666667,479.6275510204082,184
2018-10-08,361,233.0,234.0,495.0,478.3756345177665,185
2018-10-09,368,361.0,681.0,505.5833333333333,477.7828282828283,186
2018-10-10,131,368.0,240.0,479.5,477.23115577889445,187
2018-10-11,46,131.0,365.0,470.4166666666667,475.5,188
2018-10-12,46,46.0,763.0,443.8333333333333,473.363184079602,189
2018-10-15,352,46.0,26.0,384.0833333333333,471.2475247524753,190
2018-10-16,870,352.0,669.0,411.25,470.6600985221675,191
2018-10-17,271,870.0,942.0,428.0,472.61764705882354,192
2018-10-18,83,271.0,461.0,372.0833333333333,471.6341463414634,193
2018-10-19,930,83.0,877.0,340.5833333333333,469.747572815534,194
2018-10-22,98,930.0,449.0,345.0,471.9710144927536,195
2018-10-23,12,98.0,233.0,315.75,470.1730769230769,196
2018-10-24,49,12.0,361.0,297.3333333333333,467.98086124401914,197
2018-10-25,594,49.0,368.0,271.3333333333333,465.98571428571427,198
2018-10-26,244,594.0,131.0,290.1666666666667,466.5924170616114,199
2018-10-29,453,244.0,46.0,299.5833333333333,465.54245283018867,200
2018-10-30,546,453.0,46.0,333.5,465.4835680751174,201
2018-10-31,379,546.0,352.0,375.1666666666667,465.85981308411215,202
2018-11-01,458,379.0,870.0,377.4166666666667,465.45581395348836,203
2018-11-02,115,458.0,271.0,343.0833333333333,465.4212962962963,204
2018-11-05,735,115.0,83.0,330.0833333333333,463.80645161290323,205
2018-11-06,350,735.0,930.0,384.4166666666667,465.05045871559633,206
2018-11-07,142,350.0,98.0,336.0833333333333,464.5251141552511,207
2018-11-08,343,142.0,12.0,339.75,463.0590909090909,208
2018-11-09,209,343.0,49.0,367.3333333333333,462.5158371040724,209
2018-11-12,132,209.0,594.0,380.6666666666667,461.3738738738739,210
2018-11-13,309,132.0,244.0,342.1666666666667,459.8968609865471,211
2018-11-14,281,309.0,453.0,347.5833333333333,459.2232142857143,212
2018-11-15,105,281.0,546.0,333.25,458.43111111111114,213
2018-11-16,800,105.0,379.0,296.5,456.86725663716817,214
2018-11-19,775,800.0,458.0,331.5833333333333,458.3788546255507,215
2018-11-20,476,775.0,115.0,358.0,459.7675438596491,216
2018-11-21,885,476.0,735.0,388.0833333333333,459.83842794759823,217
2018-11-22,589,885.0,350.0,400.5833333333333,461.68695652173915,218
2018-11-23,275,589.0,142.0,420.5,462.23809523809524,219
2018-11-26,196,275.0,343.0,431.5833333333333,461.4310344827586,220
2018-11-27,948,196.0,209.0,419.3333333333333,460.2918454935622,221
2018-11-28,987,948.0,132.0,480.9166666666667,462.37606837606836,222
2018-11-29,405,987.0,309.0,552.1666666666666,464.6085106382979,223
2018-11-30,285,405.0,281.0,560.1666666666666,464.35593220338984,224
2018-12-03,313,285.0,105.0,560.5,463.59915611814347,225
2018-12-04,921,313.0,800.0,577.8333333333334,462.96638655462186,226
2018-12-05,9,921.0,775.0,587.9166666666666,464.88284518828453,227
2018-12-06,295,9.0,476.0,524.0833333333334,462.98333333333335,228
2018-12-07,223,295.0,885.0,509.0,462.2863070539419,229
2018-12-10,991,223.0,589.0,453.8333333333333,461.297520661157,230
2018-12-11,656,991.0,275.0,487.3333333333333,463.47736625514403,231
2018-12-12,304,656.0,196.0,519.0833333333334,464.2663934426229,232
2018-12-13,136,304.0,948.0,528.0833333333334,463.61224489795916,233
2018-12-14,922,136.0,987.0,460.4166666666667,462.280487804878,234
2018-12-17,234,922.0,405.0,455.0,464.1417004048583,235
2018-12-18,643,234.0,285.0,440.75,463.21370967741933,236
2018-12-19,871,643.0,313.0,470.5833333333333,463.9357429718876,237
2018-12-20,600,871.0,921.0,517.0833333333334,465.564,238
2018-12-21,100,600.0,9.0,490.3333333333333,466.0996015936255,239
2018-12-24,329,100.0,295.0,497.9166666666667,464.6468253968254,240
2018-12-25,442,329.0,223.0,500.75,464.1106719367589,241
2018-12-26,644,442.0,991.0,519.0,464.0236220472441,242
2018-12-27,80,644.0,656.0,490.0833333333333,464.7294117647059,243
2018-12-28,234,80.0,304.0,442.0833333333333,463.2265625,244
2019-01-04,804,234.0,136.0,436.25,462.3346303501946,245
2019-01-07,755,804.0,922.0,491.9166666666667,463.6589147286822,246
2019-01-08,88,755.0,234.0,478.0,464.7837837837838,247
2019-01-09,733,88.0,643.0,465.8333333333333,463.3346153846154,248
2019-01-10,654,733.0,871.0,473.3333333333333,464.367816091954,249
2019-01-11,953,654.0,600.0,455.25,465.0916030534351,250
2019-01-14,650,953.0,100.0,484.6666666666667,466.9467680608365,251
2019-01-15,608,650.0,329.0,530.5,467.6401515151515,252
2019-01-16,704,608.0,442.0,553.75,468.1698113207547,253
2019-01-17,162,704.0,644.0,575.5833333333334,469.0563909774436,254
2019-01-18,616,162.0,80.0,535.4166666666666,467.9063670411985,255
2019-01-21,702,616.0,234.0,580.0833333333334,468.4589552238806,256
2019-01-22,637,702.0,804.0,619.0833333333334,469.3271375464684,257
2019-01-23,249,637.0,755.0,605.1666666666666,469.94814814814816,258
2019-01-24,547,249.0,88.0,563.0,469.1328413284133,259
2019-01-25,79,547.0,733.0,601.25,469.41911764705884,260
2019-01-28,647,79.0,654.0,546.75,467.989010989011,261
2019-01-29,596,647.0,953.0,546.1666666666666,468.64233576642334,262
2019-01-30,603,596.0,650.0,516.4166666666666,469.10545454545456,263
2019-01-31,210,603.0,608.0,512.5,469.59057971014494,264
2019-02-01,49,210.0,704.0,479.3333333333333,468.6534296028881,265
2019-02-04,766,49.0,162.0,424.75,467.1438848920863,266
2019-02-05,322,766.0,616.0,475.0833333333333,468.21505376344084,267
2019-02-06,660,322.0,702.0,450.5833333333333,467.6928571428571,268
2019-02-07,626,660.0,637.0,447.0833333333333,468.37722419928826,269
2019-02-08,684,626.0,249.0,446.1666666666667,468.93617021276594,270
2019-02-11,77,684.0,547.0,482.4166666666667,469.69611307420496,271
2019-02-12,882,77.0,79.0,443.25,468.3133802816901,272
2019-02-13,87,882.0,647.0,510.1666666666667,469.76491228070176,273
2019-02-14,446,87.0,596.0,463.5,468.42657342657344,274
2019-02-15,771,446.0,603.0,451.0,468.34843205574913,275
2019-02-18,878,771.0,210.0,465.0,469.39930555555554,276
2019-02-19,991,878.0,49.0,520.6666666666666,470.8131487889273,277
2019-02-20,956,991.0,766.0,599.1666666666666,472.60689655172416,278
2019-02-21,831,956.0,322.0,615.0,474.2680412371134,279
2019-02-22,672,831.0,660.0,657.4166666666666,475.48972602739724,280
2019-02-25,661,672.0,626.0,658.4166666666666,476.160409556314,281
2019-02-26,635,661.0,684.0,661.3333333333334,476.7891156462585,282
2019-02-27,663,635.0,77.0,657.25,477.3254237288136,283
2019-02-28,366,663.0,882.0,706.0833333333334,477.9527027027027,284
2019-03-01,958,366.0,87.0,663.0833333333334,477.57575757575756,285
2019-03-04,123,958.0,446.0,735.6666666666666,479.18791946308727,286
2019-03-05,892,123.0,771.0,708.75,477.9966555183947,287
2019-03-06,637,892.0,878.0,718.8333333333334,479.37666666666667,288
2019-03-07,757,637.0,991.0,698.75,479.90033222591364,289
2019-03-08,97,757.0,956.0,679.25,480.817880794702,290
2019-03-11,302,97.0,831.0,607.6666666666666,479.55115511551156,291
2019-03-12,30,302.0,672.0,563.5833333333334,478.9671052631579,292
2019-03-13,413,30.0,661.0,510.0833333333333,477.49508196721314,293
2019-03-14,449,413.0,635.0,489.4166666666667,477.2843137254902,294
2019-03-15,652,449.0,663.0,473.9166666666667,477.19218241042347,295
2019-03-18,631,652.0,366.0,473.0,477.7597402597403,296
2019-03-19,998,631.0,958.0,495.0833333333333,478.2556634304207,297
2019-03-20,431,998.0,123.0,498.4166666666667,479.93225806451613,298
2019-03-21,378,431.0,892.0,524.0833333333334,479.7749196141479,299
2019-03-22,148,378.0,637.0,481.25,479.44871794871796,300
2019-03-25,887,148.0,757.0,440.5,478.3897763578275,301
2019-03-26,556,887.0,97.0,451.3333333333333,479.6910828025478,302
2019-03-27,247,556.0,302.0,489.5833333333333,479.93333333333334,303
2019-03-28,967,247.0,30.0,485.0,479.19620253164555,304
2019-03-29,960,967.0,413.0,563.0833333333334,480.73501577287067,305
2019-04-01,373,960.0,449.0,608.6666666666666,482.24213836477986,306
2019-04-02,502,373.0,652.0,602.3333333333334,481.8996865203762,307
2019-04-03,942,502.0,631.0,589.8333333333334,481.9625,308
2019-04-04,391,942.0,998.0,615.75,483.3956386292835,309
2019-04-05,699,391.0,431.0,565.1666666666666,483.10869565217394,310
2019-04-08,169,699.0,378.0,587.5,483.7770897832817,311
2019-04-09,745,169.0,148.0,570.0833333333334,482.80555555555554,312
2019-04-10,511,745.0,887.0,619.8333333333334,483.6123076923077,313
2019-04-11,26,511.0,556.0,588.5,483.6963190184049,314
2019-04-12,906,26.0,247.0,544.3333333333334,482.2966360856269,315
2019-04-15,167,906.0,967.0,599.25,483.5884146341463,316
2019-04-16,607,167.0,960.0,532.5833333333334,482.62613981762917,317
2019-04-17,765,607.0,373.0,503.1666666666667,483.0030303030303,318
2019-04-18,145,765.0,502.0,535.8333333333334,483.8549848942598,319
2019-04-19,984,145.0,942.0,506.0833333333333,482.8343373493976,320
2019-04-22,764,984.0,391.0,509.5833333333333,484.33933933933935,321
2019-04-23,452,764.0,699.0,540.6666666666666,485.17664670658684,322
2019-04-24,152,452.0,169.0,520.0833333333334,485.0776119402985,323
2019-04-25,830,152.0,745.0,518.6666666666666,484.0863095238095,324
2019-04-26,166,830.0,511.0,525.75,485.1127596439169,325
2019-04-29,746,166.0,26.0,497.0,484.1686390532544,326
2019-04-30,619,746.0,906.0,557.0,484.94100294985253,327
2019-05-01,335,619.0,167.0,533.0833333333334,485.33529411764704,328
2019-05-02,992,335.0,607.0,547.0833333333334,484.89442815249265,329
2019-05-03,349,992.0,765.0,579.1666666666666,486.37719298245617,330
2019-05-06,265,349.0,145.0,544.5,485.97667638483966,331
2019-05-07,705,265.0,984.0,554.5,485.3343023255814,332
2019-05-08,451,705.0,764.0,531.25,485.9710144927536,333
2019-05-09,983,451.0,452.0,505.1666666666667,485.8699421965318,334
2019-05-10,776,983.0,152.0,549.4166666666666,487.3025936599424,335
2019-05-13,482,776.0,830.0,601.4166666666666,488.132183908046,336
2019-05-14,856,482.0,166.0,572.4166666666666,488.11461318051573,337
2019-05-15,314,856.0,746.0,629.9166666666666,489.1657142857143,338
2019-05-16,129,314.0,619.0,593.9166666666666,488.6666666666667,339
2019-05-17,647,129.0,335.0,553.0833333333334,487.6448863636364,340
2019-05-20,25,647.0,992.0,579.0833333333334,488.09631728045326,341
2019-05-21,193,25.0,349.0,498.5,486.7881355932203,342
2019-05-22,522,193.0,265.0,485.5,485.9605633802817,343
2019-05-23,381,522.0,705.0,506.9166666666667,486.061797752809,344
2019-05-24,682,381.0,451.0,479.9166666666667,485.7675070028011,345
2019-05-27,718,682.0,983.0,499.1666666666667,486.31564245810057,346
2019-05-28,77,718.0,776.0,477.0833333333333,486.96100278551535,347
2019-05-29,779,77.0,482.0,418.8333333333333,485.8222222222222,348
2019-05-30,731,779.0,856.0,443.5833333333333,486.6343490304709,349
2019-05-31,943,731.0,314.0,433.1666666666667,487.30939226519337,350
2019-06-03,383,943.0,129.0,485.5833333333333,488.56473829201104,351
2019-06-04,755,383.0,647.0,506.75,488.27472527472526,352
2019-06-05,342,755.0,25.0,515.75,489.0054794520548,353
2019-06-06,856,342.0,193.0,542.1666666666666,488.60382513661204,354
2019-06-07,397,856.0,522.0,597.4166666666666,489.60490463215257,355
2019-06-10,814,397.0,381.0,587.0,489.3532608695652,356
2019-06-11,80,814.0,682.0,623.0833333333334,490.2330623306233,357
2019-06-12,246,80.0,718.0,572.9166666666666,489.12432432432433,358
2019-06-13,560,246.0,77.0,533.5833333333334,488.46900269541777,359
2019-06-14,683,560.0,779.0,573.8333333333334,488.66129032258067,360
2019-06-17,226,683.0,731.0,565.8333333333334,489.1823056300268,361
2019-06-18,55,226.0,943.0,523.75,488.47860962566847,362
2019-06-19,377,55.0,383.0,449.75,487.3226666666667,363
2019-06-20,942,377.0,755.0,449.25,487.02925531914894,364
2019-06-21,180,942.0,342.0,464.8333333333333,488.236074270557,365
2019-06-24,11,180.0,856.0,451.3333333333333,487.42063492063494,366
2019-06-25,957,11.0,397.0,380.9166666666667,486.16358839050133,367
2019-06-26,720,957.0,814.0,427.5833333333333,487.40263157894736,368
2019-06-27,928,720.0,80.0,419.75,488.01312335958005,369
2019-06-28,202,928.0,246.0,490.4166666666667,489.1649214659686,370
2019-07-01,937,202.0,560.0,486.75,488.4151436031332,371
2019-07-02,214,937.0,683.0,518.1666666666666,489.5833333333333,372
2019-07-03,297,214.0,226.0,479.0833333333333,488.86753246753244,373
2019-07-04,951,297.0,55.0,485.0,488.3704663212435,374
2019-07-05,782,951.0,377.0,559.6666666666666,489.5658914728682,375
2019-07-08,458,782.0,942.0,593.4166666666666,490.319587628866,376
2019-07-09,739,458.0,180.0,553.0833333333334,490.2365038560411,377
2019-07-10,763,739.0,11.0,599.6666666666666,490.874358974359,378
2019-07-11,736,763.0,957.0,662.3333333333334,491.5703324808184,379
2019-07-12,273,736.0,720.0,643.9166666666666,492.1938775510204,380
2019-07-15,47,273.0,928.0,606.6666666666666,491.63613231552165,381
2019-07-16,502,47.0,202.0,533.25,490.507614213198,382
2019-07-17,42,502.0,937.0,558.25,490.5367088607595,383
2019-07-18,808,42.0,214.0,483.6666666666667,489.4040404040404,384
2019-07-19,503,808.0,297.0,533.1666666666666,490.2065491183879,385
2019-07-22,60,503.0,951.0,550.3333333333334,490.2386934673367,386
2019-07-23,463,60.0,782.0,476.0833333333333,489.16040100250626,387
2019-07-24,799,463.0,458.0,449.5,489.095,388
2019-07-25,64,799.0,739.0,477.9166666666667,489.8678304239402,389
2019-07-26,519,64.0,763.0,421.6666666666667,488.80845771144277,390
2019-07-29,477,519.0,736.0,401.3333333333333,488.8833746898263,391
2019-07-30,195,477.0,273.0,379.75,488.8539603960396,392
2019-07-31,980,195.0,47.0,373.25,488.1283950617284,393
2019-08-01,79,980.0,502.0,451.0,489.3399014778325,394
2019-08-02,791,79.0,42.0,415.75,488.33169533169536,395
2019-08-05,687,791.0,808.0,478.1666666666667,489.0735294117647,396
2019-08-06,912,687.0,503.0,468.0833333333333,489.5574572127139,397
2019-08-07,975,912.0,60.0,502.1666666666667,490.58780487804876,398
2019-08-08,859,975.0,463.0,578.4166666666666,491.7664233576642,399
2019-08-09,613,859.0,799.0,611.4166666666666,492.65776699029124,400
2019-08-12,596,613.0,64.0,595.9166666666666,492.9491525423729,401
2019-08-13,426,596.0,519.0,640.25,493.19806763285027,402
2019-08-14,882,426.0,477.0,632.5,493.03614457831327,403
2019-08-15,557,882.0,195.0,666.25,493.97115384615387,404
2019-08-16,254,557.0,980.0,696.4166666666666,494.1223021582734,405
2019-08-19,9,254.0,79.0,635.9166666666666,493.54784688995215,406
2019-08-20,554,9.0,791.0,630.0833333333334,492.3914081145585,407
2019-08-21,430,554.0,687.0,610.3333333333334,492.53809523809525,408
2019-08-22,297,430.0,912.0,588.9166666666666,492.3895486935867,409
2019-08-23,633,297.0,975.0,537.6666666666666,491.9265402843602,410
2019-08-26,848,633.0,859.0,509.1666666666667,492.26004728132386,411
2019-08-27,680,848.0,613.0,508.25,493.0990566037736,412
2019-08-28,246,680.0,596.0,513.8333333333334,493.5388235294118,413
2019-08-29,856,246.0,426.0,484.6666666666667,492.9577464788732,414
2019-08-30,43,856.0,882.0,520.5,493.807962529274,415
2019-09-02,971,43.0,557.0,450.5833333333333,492.75467289719626,416
2019-09-03,874,971.0,254.0,485.0833333333333,493.86946386946386,417
2019-09-04,12,874.0,9.0,536.75,494.75348837209305,418
2019-09-05,773,12.0,554.0,537.0,493.6334106728538,419
2019-09-06,489,773.0,430.0,555.25,494.2800925925926,420
2019-09-09,32,489.0,297.0,560.1666666666666,494.2678983833718,421
2019-09-10,557,32.0,633.0,538.0833333333334,493.2027649769585,422
2019-09-11,169,557.0,848.0,531.75,493.3494252873563,423
2019-09-12,304,169.0,680.0,475.1666666666667,492.60550458715596,424
2019-09-13,910,304.0,246.0,443.8333333333333,492.17391304347825,425
2019-09-16,133,910.0,856.0,499.1666666666667,493.12785388127855,426
2019-09-17,323,133.0,43.0,438.9166666666667,492.30751708428244,427
2019-09-18,786,323.0,971.0,462.25,491.9227272727273,428
2019-09-19,583,786.0,874.0,446.8333333333333,492.5895691609977,429
2019-09-20,240,583.0,12.0,422.5833333333333,492.79411764705884,430
2019-09-23,825,240.0,773.0,441.5833333333333,492.2234762979684,431
2019-09-24,69,825.0,489.0,445.9166666666667,492.97297297297297,432
2019-09-25,665,69.0,32.0,410.9166666666667,492.0202247191011,433
2019-09-26,876,665.0,557.0,463.6666666666667,492.4080717488789,434
2019-09-27,286,876.0,169.0,490.25,493.2662192393736,435
2019-09-30,766,286.0,304.0,500.0,492.80357142857144,436
2019-10-01,597,766.0,910.0,538.5,493.4120267260579,437
2019-10-02,715,597.0,133.0,512.4166666666666,493.64222222222224,438
2019-10-03,635,715.0,323.0,560.9166666666666,494.1330376940133,439
2019-10-04,705,635.0,786.0,586.9166666666666,494.4446902654867,440
2019-10-07,902,705.0,583.0,580.1666666666666,494.9094922737307,441
2019-10-08,764,902.0,240.0,606.75,495.80616740088107,442
2019-10-09,361,764.0,825.0,650.4166666666666,496.3956043956044,443
2019-10-10,191,361.0,69.0,611.75,496.0986842105263,444
2019-10-11,207,191.0,665.0,621.9166666666666,495.4310722100656,445
2019-10-14,163,207.0,876.0,583.75,494.80131004366814,446
2019-10-15,393,163.0,286.0,524.3333333333334,494.078431372549,447
2019-10-16,984,393.0,766.0,533.25,493.85869565217394,448
2019-10-17,814,984.0,597.0,551.4166666666666,494.9219088937093,449
2019-10-18,776,814.0,715.0,569.5,495.6125541125541,450
2019-10-21,808,776.0,635.0,574.5833333333334,496.2181425485961,451
2019-10-22,158,808.0,705.0,589.0,496.89008620689657,452
2019-10-23,822,158.0,902.0,543.4166666666666,496.16129032258067,453
2019-10-24,530,822.0,764.0,536.75,496.8605150214592,454
2019-10-25,175,530.0,361.0,517.25,496.93147751605994,455
2019-10-28,762,175.0,191.0,501.75,496.2435897435897,456
2019-10-29,716,762.0,207.0,549.3333333333334,496.8102345415778,457
2019-10-30,920,716.0,163.0,591.75,497.27659574468083,458
2019-10-31,134,920.0,393.0,654.8333333333334,498.1740976645435,459
2019-11-01,317,134.0,984.0,633.25,497.4025423728813,460
2019-11-04,465,317.0,814.0,577.6666666666666,497.0211416490486,461
2019-11-05,601,465.0,776.0,548.5833333333334,496.9535864978903,462
2019-11-06,219,601.0,808.0,534.0,497.17263157894735,463
2019-11-07,612,219.0,158.0,484.9166666666667,496.5882352941176,464
2019-11-08,153,612.0,822.0,522.75,496.8301886792453,465
2019-11-11,544,153.0,530.0,467.0,496.11087866108784,466
2019-11-12,961,544.0,175.0,468.1666666666667,496.21085594989563,467
2019-11-13,828,961.0,762.0,533.6666666666666,497.1791666666667,468
2019-11-14,831,828.0,716.0,539.1666666666666,497.86694386694387,469
2019-11-15,818,831.0,920.0,548.75,498.55809128630705,470
2019-11-18,275,818.0,134.0,540.25,499.2194616977226,471
2019-11-19,695,275.0,317.0,552.0,498.75619834710744,472
2019-11-20,363,695.0,465.0,583.5,499.16082474226806,473
2019-11-21,204,363.0,601.0,575.0,498.880658436214,474
2019-11-22,94,204.0,219.0,541.9166666666666,498.27515400410675,475
2019-11-25,962,94.0,612.0,531.5,497.4467213114754,476
2019-11-26,118,962.0,153.0,560.6666666666666,498.39672801635993,477
2019-11-27,565,118.0,544.0,557.75,497.6204081632653,478
2019-11-28,491,565.0,961.0,559.5,497.75763747454175,479
2019-11-29,339,491.0,828.0,520.3333333333334,497.7439024390244,480
2019-12-02,448,339.0,831.0,479.5833333333333,497.42190669371195,481
2019-12-03,242,448.0,818.0,447.6666666666667,497.3218623481781,482
2019-12-04,895,242.0,275.0,399.6666666666667,496.8060606060606,483
2019-12-05,340,895.0,695.0,451.3333333333333,497.60887096774195,484
2019-12-06,694,340.0,363.0,421.75,497.29175050301814,485
2019-12-09,869,694.0,204.0,449.3333333333333,497.68674698795184,486
2019-12-10,436,869.0,94.0,504.75,498.43086172344687,487
2019-12-11,247,436.0,962.0,533.25,498.306,488
2019-12-12,844,247.0,118.0,473.6666666666667,497.8043912175649,489
2019-12-13,865,844.0,565.0,534.1666666666666,498.49402390438246,490
2019-12-16,491,865.0,491.0,559.1666666666666,499.22266401590457,491
2019-12-17,392,491.0,339.0,559.1666666666666,499.2063492063492,492
2019-12-18,626,392.0,448.0,563.5833333333334,498.9940594059406,493
2019-12-19,680,626.0,242.0,578.4166666666666,499.24505928853756,494
2019-12-20,325,680.0,895.0,614.9166666666666,499.6015779092702,495
2019-12-23,349,325.0,340.0,567.4166666666666,499.25787401574803,496
2019-12-24,79,349.0,694.0,568.1666666666666,498.96267190569745,497
2019-12-25,113,79.0,869.0,516.9166666666666,498.1392156862745,498
2019-12-26,914,113.0,436.0,453.9166666666667,497.38551859099806,499
2019-12-27,475,914.0,247.0,493.75,498.19921875,500
2019-12-30,721,475.0,844.0,512.75,498.1539961013645,501
2020-01-06,887,721.0,865.0,502.5,498.5875486381323,502
2020-01-07,109,887.0,491.0,504.3333333333333,499.3417475728155,503
2020-01-08,527,109.0,392.0,472.5,498.58527131782944,504
2020-01-09,409,527.0,626.0,483.75,498.6402321083172,505
2020-01-10,785,409.0,680.0,465.6666666666667,498.4671814671815,506
2020-01-13,705,785.0,325.0,474.4166666666667,499.019267822736,507
2020-01-14,428,705.0,349.0,506.0833333333333,499.4153846153846,508
2020-01-15,565,428.0,79.0,512.6666666666666,499.27831094049907,509
2020-01-16,592,565.0,113.0,553.1666666666666,499.40421455938696,510
2020-01-17,626,592.0,914.0,593.0833333333334,499.58126195028683,511
2020-01-20,485,626.0,475.0,569.0833333333334,499.82251908396944,512
2020-01-21,69,485.0,721.0,569.9166666666666,499.7942857142857,513
2020-01-22,444,69.0,887.0,515.5833333333334,498.97528517110266,514
2020-01-23,366,444.0,109.0,478.6666666666667,498.8709677419355,515
2020-01-24,629,366.0,527.0,500.0833333333333,498.6193181818182,516
2020-01-27,345,629.0,409.0,508.5833333333333,498.8657844990548,517
2020-01-28,2,345.0,785.0,503.25,498.57547169811323,518
2020-01-29,312,2.0,705.0,438.0,497.6403013182674,519
2020-01-30,472,312.0,428.0,405.25,497.29135338345867,520
2020-01-31,436,472.0,565.0,408.9166666666667,497.2439024390244,521
2020-02-03,272,436.0,592.0,398.1666666666667,497.1292134831461,522
2020-02-04,514,272.0,626.0,371.5,496.7084112149533,523
2020-02-05,108,514.0,485.0,362.1666666666667,496.74067164179104,524
2020-02-06,577,108.0,69.0,330.75,496.01675977653633,525
2020-02-07,433,577.0,444.0,373.0833333333333,496.1672862453532,526
2020-02-10,516,433.0,366.0,372.1666666666667,496.05009276437846,527
2020-02-11,720,516.0,629.0,384.6666666666667,496.087037037037,528
2020-02-12,503,720.0,345.0,392.25,496.50092421441775,529
2020-02-13,123,503.0,2.0,405.4166666666667,496.5129151291513,530
2020-02-14,6,123.0,312.0,415.5,495.82504604051564,531
2020-02-17,5,6.0,472.0,390.0,494.92463235294116,532
2020-02-18,386,5.0,436.0,351.0833333333333,494.0256880733945,533
2020-02-19,461,386.0,272.0,346.9166666666667,493.82783882783883,534
2020-02-20,518,461.0,514.0,362.6666666666667,493.7678244972578,535
2020-02-21,206,518.0,108.0,363.0,493.8120437956204,536
2020-02-24,996,206.0,577.0,371.1666666666667,493.28779599271405,537
2020-02-25,445,996.0,433.0,406.0833333333333,494.20181818181817,538
2020-02-26,528,445.0,516.0,407.0833333333333,494.1125226860254,539
2020-02-27,907,528.0,720.0,408.0833333333333,494.17391304347825,540
2020-02-28,780,907.0,503.0,423.6666666666667,494.92043399638334,541
2020-03-02,843,780.0,123.0,446.75,495.43501805054154,542
2020-03-03,178,843.0,6.0,506.75,496.0612612612613,543
2020-03-04,452,178.0,5.0,521.0833333333334,495.48920863309354,544
2020-03-05,73,452.0,386.0,558.3333333333334,495.411131059246,545
2020-03-06,162,73.0,461.0,532.25,494.6541218637993,546
2020-03-09,921,162.0,518.0,507.3333333333333,494.05903398926654,547
2020-03-10,372,921.0,206.0,540.9166666666666,494.82142857142856,548
2020-03-11,168,372.0,996.0,554.75,494.60249554367203,549
2020-03-12,233,168.0,445.0,485.75,494.02135231316726,550
2020-03-13,504,233.0,528.0,468.0833333333333,493.5577264653641,551
2020-03-16,983,504.0,907.0,466.0833333333333,493.5762411347518,552
2020-03-17,679,983.0,780.0,472.4166666666667,494.4424778761062,553
2020-03-18,738,679.0,843.0,464.0,494.7685512367491,554
2020-03-19,376,738.0,178.0,455.25,495.1975308641975,555
2020-03-20,397,376.0,452.0,471.75,494.98767605633805,556
2020-03-23,63,397.0,73.0,467.1666666666667,494.81546572934974,557
2020-03-24,477,63.0,162.0,466.3333333333333,494.0578947368421,558
2020-03-25,509,477.0,921.0,492.5833333333333,494.0280210157618,559
2020-03-26,930,509.0,372.0,458.25,494.0541958041958,560
2020-03-27,938,930.0,168.0,504.75,494.8150087260035,561
2020-03-30,574,938.0,233.0,568.9166666666666,495.58710801393727,562
2020-03-31,724,574.0,504.0,597.3333333333334,495.72347826086957,563
2020-04-01,176,724.0,983.0,615.6666666666666,496.1197916666667,564
2020-04-02,10,176.0,679.0,548.4166666666666,495.56499133448875,565
2020-04-03,802,10.0,738.0,492.6666666666667,494.7249134948097,566
2020-04-06,602,802.0,376.0,498.0,495.2556131260794,567
2020-04-07,221,602.0,397.0,516.8333333333334,495.4396551724138,568
2020-04-08,925,221.0,63.0,502.1666666666667,494.9672977624785,569
2020-04-09,505,925.0,477.0,574.0,495.7061855670103,570
2020-04-10,182,505.0,509.0,576.3333333333334,495.7221269296741,571
2020-04-13,684,182.0,930.0,549.0833333333334,495.1849315068493,572
2020-04-14,909,684.0,938.0,528.5833333333334,495.5076923076923,573
2020-04-15,962,909.0,574.0,526.1666666666666,496.2133105802048,574
2020-04-16,10,962.0,724.0,558.5,497.0068143100511,575
2020-04-17,391,10.0,176.0,499.0,496.17857142857144,576
2020-04-20,950,391.0,10.0,516.9166666666666,496.0,577
2020-04-21,889,950.0,802.0,595.25,496.76949152542375,578
2020-04-22,489,889.0,602.0,602.5,497.4331641285956,579
2020-04-23,804,489.0,221.0,593.0833333333334,497.4189189189189,580
2020-04-24,654,804.0,925.0,641.6666666666666,497.93591905564926,581
2020-04-27,867,654.0,505.0,619.0833333333334,498.1986531986532,582
2020-04-28,843,867.0,182.0,649.25,498.81848739495797,583
2020-04-29,457,843.0,684.0,704.3333333333334,499.3959731543624,584
2020-04-30,54,457.0,909.0,685.4166666666666,499.3249581239531,585
2020-05-01,815,54.0,962.0,614.1666666666666,498.5802675585284,586
2020-05-04,534,815.0,10.0,601.9166666666666,499.1085141903172,587
2020-05-05,809,534.0,391.0,645.5833333333334,499.1666666666667,588
2020-05-06,348,809.0,950.0,680.4166666666666,499.68219633943426,589
2020-05-07,33,348.0,889.0,630.25,499.43023255813955,590
2020-05-08,278,33.0,489.0,558.9166666666666,498.65671641791045,591
2020-05-11,837,278.0,804.0,541.3333333333334,498.2913907284768,592
2020-05-12,996,837.0,654.0,544.0833333333334,498.8512396694215,593
2020-05-13,860,996.0,867.0,572.5833333333334,499.6716171617162,594
2020-05-14,700,860.0,843.0,572.0,500.2652388797364,595
2020-05-15,325,700.0,457.0,560.0833333333334,500.59375,596
2020-05-18,803,325.0,54.0,549.0833333333334,500.30541871921184,597
2020-05-19,162,803.0,815.0,611.5,500.8016393442623,598
2020-05-20,729,162.0,534.0,557.0833333333334,500.24713584288054,599
2020-05-21,684,729.0,809.0,573.3333333333334,500.62091503267976,600
2020-05-22,406,684.0,348.0,562.9166666666666,500.92006525285484,601
2020-05-25,663,406.0,33.0,567.75,500.7654723127036,602
2020-05-26,178,663.0,278.0,620.25,501.0292682926829,603
2020-05-27,551,178.0,837.0,611.9166666666666,500.50487012987014,604
2020-05-28,343,551.0,996.0,588.0833333333334,500.5867098865478,605
2020-05-29,892,343.0,860.0,533.6666666666666,500.331715210356,606
2020-06-01,536,892.0,700.0,536.3333333333334,500.9644588045234,607
2020-06-02,202,536.0,325.0,522.6666666666666,501.02096774193546,608
2020-06-03,697,202.0,803.0,512.4166666666666,500.5394524959742,609
2020-06-04,432,697.0,162.0,503.5833333333333,500.85530546623795,610
2020-06-05,863,432.0,729.0,526.0833333333334,500.74478330658104,611
2020-06-08,507,863.0,684.0,537.25,501.3253205128205,612
2020-06-09,744,507.0,406.0,522.5,501.3344,613
2020-06-10,774,744.0,663.0,550.6666666666666,501.7220447284345,614
2020-06-11,383,774.0,178.0,559.9166666666666,502.15629984051037,615
2020-06-12,78,383.0,551.0,577.0,501.96656050955414,616
2020-06-15,712,78.0,343.0,537.5833333333334,501.2925278219396,617
2020-06-16,826,712.0,892.0,568.3333333333334,501.62698412698415,618
2020-06-17,153,826.0,536.0,562.8333333333334,502.1410459587956,619
2020-06-18,365,153.0,202.0,530.9166666666666,501.5886075949367,620
2020-06-19,734,365.0,697.0,544.5,501.37282780410743,621
2020-06-22,197,734.0,432.0,547.5833333333334,501.7397476340694,622
2020-06-23,988,197.0,863.0,528.0,501.25984251968504,623
2020-06-24,550,988.0,507.0,538.4166666666666,502.02515723270443,624
2020-06-25,981,550.0,744.0,542.0,502.1004709576138,625
2020-06-26,709,981.0,774.0,561.75,502.8510971786834,626
2020-06-29,801,709.0,383.0,556.3333333333334,503.1737089201878,627
2020-06-30,245,801.0,78.0,591.1666666666666,503.6390625,628
2020-07-01,358,245.0,712.0,605.0833333333334,503.2355694227769,629
2020-07-02,510,358.0,826.0,575.5833333333334,503.0093457943925,630
2020-07-03,464,510.0,153.0,549.25,503.0202177293935,631
2020-07-06,337,464.0,365.0,575.1666666666666,502.95962732919253,632
2020-07-07,112,337.0,734.0,572.8333333333334,502.70232558139537,633
2020-07-08,24,112.0,197.0,521.0,502.09752321981426,634
2020-07-09,339,24.0,988.0,506.5833333333333,501.35857805255023,635
2020-07-10,937,339.0,550.0,452.5,501.108024691358,636
2020-07-13,182,937.0,981.0,484.75,501.77966101694915,637
2020-07-14,738,182.0,709.0,418.1666666666667,501.2876923076923,638
2020-07-15,697,738.0,801.0,420.5833333333333,501.65130568356375,639
2020-07-16,699,697.0,245.0,411.9166666666667,501.9509202453988,640
2020-07-17,613,699.0,358.0,449.75,502.2526799387443,641
2020-07-20,350,613.0,510.0,471.0,502.42201834862385,642
2020-07-21,378,350.0,464.0,457.6666666666667,502.18931297709923,643
2020-07-22,637,378.0,337.0,450.5,502.0,644
2020-07-23,97,637.0,112.0,475.5,502.2054794520548,645
2020-07-24,224,97.0,24.0,474.25,501.58966565349544,646
2020-07-27,495,224.0,339.0,490.9166666666667,501.16843702579666,647
2020-07-28,8,495.0,937.0,503.9166666666667,501.15909090909093,648
2020-07-29,902,8.0,182.0,426.5,500.4130105900151,649
2020-07-30,555,902.0,738.0,486.5,501.01963746223566,650
2020-07-31,130,555.0,697.0,471.25,501.1010558069382,651
2020-08-03,9,130.0,699.0,424.0,500.5421686746988,652
2020-08-04,113,9.0,613.0,366.5,499.803007518797,653
2020-08-05,229,113.0,350.0,324.8333333333333,499.22222222222223,654
2020-08-06,796,229.0,378.0,314.75,498.8170914542729,655
2020-08-07,332,796.0,637.0,349.5833333333333,499.26197604790417,656
2020-08-10,681,332.0,97.0,324.1666666666667,499.0119581464873,657
2020-08-11,871,681.0,224.0,372.8333333333333,499.2835820895522,658
2020-08-12,640,871.0,495.0,426.75,499.8375558867362,659
2020-08-13,998,640.0,8.0,438.8333333333333,500.04613095238096,660
2020-08-14,132,998.0,902.0,521.3333333333334,500.7860326894502,661
2020-08-17,946,132.0,555.0,457.1666666666667,500.23887240356083,662
2020-08-18,858,946.0,130.0,489.75,500.8992592592593,663
2020-08-19,884,858.0,9.0,550.4166666666666,501.4275147928994,664
2020-08-20,611,884.0,113.0,623.3333333333334,501.99261447562776,665
2020-08-21,529,611.0,229.0,664.8333333333334,502.1533923303835,666
2020-08-24,317,529.0,796.0,689.8333333333334,502.19293078055966,667
2020-08-25,226,317.0,332.0,649.9166666666666,501.92058823529413,668
2020-08-26,687,226.0,681.0,641.0833333333334,501.51541850220264,669
2020-08-27,267,687.0,871.0,641.5833333333334,501.78739002932554,670
2020-08-28,930,267.0,640.0,591.25,501.44363103953145,671
2020-08-31,443,930.0,998.0,615.4166666666666,502.0701754385965,672
2020-09-01,838,443.0,132.0,569.1666666666666,501.9839416058394,673
2020-09-02,995,838.0,946.0,628.0,502.47376093294463,674
2020-09-03,716,995.0,858.0,632.0833333333334,503.19068413391557,675
2020-09-04,445,716.0,884.0,620.25,503.5,676
2020-09-07,793,445.0,611.0,583.6666666666666,503.41509433962267,677
2020-09-08,948,793.0,529.0,598.8333333333334,503.83478260869566,678
2020-09-09,461,948.0,317.0,633.75,504.4775687409551,679
2020-09-10,899,461.0,226.0,645.75,504.41473988439304,680
2020-09-11,195,899.0,687.0,701.8333333333334,504.984126984127,681
2020-09-14,46,195.0,267.0,660.8333333333334,504.5374639769452,682
2020-09-15,848,46.0,930.0,642.4166666666666,503.8776978417266,683
2020-09-16,927,848.0,443.0,635.5833333333334,504.3721264367816,684
2020-09-17,376,927.0,838.0,675.9166666666666,504.9784791965567,685
2020-09-18,432,376.0,995.0,637.4166666666666,504.7936962750716,686
2020-09-21,240,432.0,716.0,590.5,504.689556509299,687
2020-09-22,208,240.0,445.0,550.8333333333334,504.31142857142856,688
2020-09-23,365,208.0,793.0,531.0833333333334,503.888730385164,689
2020-09-24,660,365.0,948.0,495.4166666666667,503.6908831908832,690
2020-09-25,40,660.0,461.0,471.4166666666667,503.9132290184922,691
2020-09-28,932,40.0,899.0,436.3333333333333,503.2542613636364,692
2020-09-29,969,932.0,195.0,439.0833333333333,503.8624113475177,693
2020-09-30,130,969.0,46.0,503.5833333333333,504.5212464589235,694
2020-10-01,659,130.0,848.0,510.5833333333333,503.991513437058,695
2020-10-02,40,659.0,927.0,494.8333333333333,504.21045197740114,696
2020-10-05,160,40.0,376.0,420.9166666666667,503.55571227080395,697
2020-10-06,472,160.0,432.0,402.9166666666667,503.0718309859155,698
2020-10-07,944,472.0,240.0,406.25,503.028129395218,699
2020-10-08,277,944.0,208.0,464.9166666666667,503.64747191011236,700
2020-10-09,820,277.0,365.0,470.6666666666667,503.32959326788216,701
2020-10-12,979,820.0,660.0,508.5833333333333,503.7731092436975,702
2020-10-13,300,979.0,40.0,535.1666666666666,504.43776223776223,703
2020-10-14,424,300.0,932.0,556.8333333333334,504.1522346368715,704
2020-10-15,650,424.0,969.0,514.5,504.0404463040446,705
2020-10-16,680,650.0,130.0,487.9166666666667,504.24373259052925,706
2020-10-19,829,680.0,659.0,533.75,504.48817802503476,707
2020-10-20,963,829.0,40.0,547.9166666666666,504.93888888888887,708
2020-10-21,777,963.0,160.0,624.8333333333334,505.5742024965326,709
2020-10-22,118,777.0,472.0,676.25,505.9501385041551,710
2020-10-23,846,118.0,944.0,646.75,505.4135546334716,711
2020-10-26,937,846.0,277.0,638.5833333333334,505.8839779005525,712
2020-10-27,129,937.0,820.0,693.5833333333334,506.47862068965514,713
2020-10-28,862,129.0,979.0,636.0,505.9586776859504,714
2020-10-29,481,862.0,300.0,626.25,506.4484181568088,715
2020-10-30,458,481.0,424.0,641.3333333333334,506.41346153846155,716
2020-11-02,761,458.0,650.0,644.1666666666666,506.34705075445817,717
2020-11-03,210,761.0,680.0,653.4166666666666,506.6958904109589,718
2020-11-04,322,210.0,829.0,614.25,506.29001367989054,719
2020-11-05,993,322.0,963.0,572.0,506.0382513661202,720
2020-11-06,415,993.0,777.0,574.5,506.70259208731244,721
2020-11-09,174,415.0,118.0,544.3333333333334,506.5776566757493,722
2020-11-10,242,174.0,846.0,549.0,506.1251700680272,723
2020-11-11,287,242.0,937.0,498.6666666666667,505.76630434782606,724
2020-11-12,475,287.0,129.0,444.5,505.4694708276798,725
2020-11-13,922,475.0,862.0,473.3333333333333,505.42818428184285,726
2020-11-16,842,922.0,481.0,478.3333333333333,505.9918809201624,727
2020-11-17,136,842.0,458.0,508.4166666666667,506.44594594594594,728
2020-11-18,346,136.0,761.0,481.5833333333333,505.9460188933873,729
2020-11-19,0,346.0,210.0,447.0,505.73045822102426,730
2020-11-20,321,0.0,322.0,429.5,505.04979811574697,731
2020-11-23,14,321.0,993.0,429.4166666666667,504.8024193548387,732
2020-11-24,998,14.0,415.0,347.8333333333333,504.14362416107383,733
2020-11-25,945,998.0,174.0,396.4166666666667,504.80563002680964,734
2020-11-26,171,945.0,242.0,460.6666666666667,505.39491298527446,735
2020-11-27,282,171.0,287.0,454.75,504.94786096256684,736
2020-11-30,571,282.0,475.0,454.3333333333333,504.6502002670227,737
2020-12-01,659,571.0,922.0,462.3333333333333,504.7386666666667,738
2020-12-02,729,659.0,842.0,440.4166666666667,504.94407456724366,739
2020-12-03,275,729.0,136.0,431.0,505.2420212765957,740
2020-12-04,201,275.0,346.0,442.5833333333333,504.9362549800797,741
2020-12-07,314,201.0,0.0,430.5,504.53315649867375,742
2020-12-08,898,314.0,321.0,456.6666666666667,504.28079470198674,743
2020-12-09,693,898.0,14.0,504.75,504.8015873015873,744
2020-12-10,823,693.0,998.0,561.3333333333334,505.05019815059444,745
2020-12-11,831,823.0,945.0,546.75,505.4696569920844,746
2020-12-14,688,831.0,171.0,537.25,505.8985507246377,747
2020-12-15,377,688.0,282.0,580.3333333333334,506.1381578947368,748
2020-12-16,364,377.0,571.0,588.25,505.96846254927726,749
2020-12-17,711,364.0,659.0,571.0,505.7821522309711,750
2020-12-18,17,711.0,729.0,575.3333333333334,506.0511140235911,751
2020-12-21,421,17.0,275.0,516.0,505.4109947643979,752
2020-12-22,689,421.0,201.0,528.1666666666666,505.30065359477123,753
2020-12-23,485,689.0,314.0,568.8333333333334,505.54046997389037,754
2020-12-24,316,485.0,898.0,583.0833333333334,505.5136897001304,755
2020-12-25,588,316.0,693.0,534.5833333333334,505.2669270833333,756
2020-12-28,925,588.0,823.0,525.8333333333334,505.3745123537061,757
2020-12-29,439,925.0,831.0,534.3333333333334,505.91948051948054,758
2020-12-30,13,439.0,688.0,501.6666666666667,505.83268482490274,759
2021-01-04,489,13.0,377.0,445.4166666666667,505.1943005181347,760
2021-01-05,715,489.0,364.0,454.75,505.17335058214746,761
2021-01-06,325,715.0,711.0,484.0,505.44444444444446,762
2021-01-07,762,325.0,17.0,451.8333333333333,505.2116129032258,763
2021-01-08,229,762.0,421.0,513.9166666666666,505.54252577319585,764
2021-01-11,51,229.0,689.0,497.9166666666667,505.1866151866152,765
2021-01-12,197,51.0,485.0,444.75,504.6028277634961,766
2021-01-13,517,197.0,316.0,420.75,504.20795892169446,767
2021-01-14,53,517.0,588.0,437.5,504.22435897435895,768
2021-01-15,740,53.0,925.0,392.9166666666667,503.64660691421255,769
2021-01-18,240,740.0,439.0,377.5,503.94884910485933,770
2021-01-19,355,240.0,13.0,360.9166666666667,503.6117496807152,771
2021-01-20,294,355.0,489.0,389.4166666666667,503.422193877551,772
2021-01-21,923,294.0,715.0,373.1666666666667,503.15541401273885,773
2021-01-22,635,923.0,325.0,390.5,503.6895674300254,774
2021-01-25,196,635.0,762.0,416.3333333333333,503.856416772554,775
2021-01-26,240,196.0,229.0,369.1666666666667,503.46573604060916,776
2021-01-27,602,240.0,51.0,370.0833333333333,503.1318124207858,777
2021-01-28,951,602.0,197.0,416.0,503.25696202531645,778
2021-01-29,698,951.0,517.0,478.8333333333333,503.82300884955754,779
2021-02-01,514,698.0,53.0,493.9166666666667,504.0681818181818,780
2021-02-02,509,514.0,740.0,532.3333333333334,504.08070617906685,781
2021-02-03,398,509.0,240.0,513.0833333333334,504.0869017632242,782
2021-02-04,704,398.0,355.0,526.25,503.95345911949687,783
2021-02-05,281,704.0,294.0,555.3333333333334,504.20477386934675,784
2021-02-08,357,281.0,923.0,554.25,503.92471769134255,785
2021-02-09,486,357.0,635.0,507.0833333333333,503.7406015037594,786
2021-02-10,843,486.0,196.0,494.6666666666667,503.7183979974969,787
2021-02-11,641,843.0,240.0,548.5833333333334,504.1425,788
2021-02-12,0,641.0,602.0,582.0,504.31335830212237,789
2021-02-15,744,0.0,951.0,531.8333333333334,503.6845386533666,790
2021-02-16,785,744.0,698.0,514.5833333333334,503.9838107098381,791
2021-02-17,3,785.0,514.0,521.8333333333334,504.3333333333333,792
2021-02-18,912,3.0,509.0,479.25,503.71055900621116,793
2021-02-19,154,912.0,398.0,512.8333333333334,504.21712158808936,794
2021-02-22,179,154.0,704.0,492.5,503.7831474597274,795
2021-02-23,862,179.0,281.0,448.75,503.3811881188119,796
2021-02-24,385,862.0,357.0,497.1666666666667,503.82447466007415,797
2021-02-25,997,385.0,486.0,499.5,503.6777777777778,798
2021-02-26,298,997.0,843.0,542.0833333333334,504.28606658446364,799
2021-03-01,246,298.0,641.0,496.6666666666667,504.0320197044335,800
2021-03-02,934,246.0,0.0,463.75,503.71463714637144,801
2021-03-03,291,934.0,744.0,541.5833333333334,504.2432432432432,802
2021-03-04,931,291.0,785.0,503.8333333333333,503.9815950920245,803
2021-03-05,831,931.0,3.0,516.0,504.5049019607843,804
2021-03-08,97,831.0,912.0,585.0,504.9045287637699,805
2021-03-09,807,97.0,154.0,517.0833333333334,504.40586797066015,806
2021-03-10,566,807.0,179.0,571.5,504.77533577533575,807
2021-03-11,767,566.0,862.0,603.75,504.85,808
2021-03-12,759,767.0,385.0,595.8333333333334,505.1693057247259,809
2021-03-15,351,759.0,997.0,627.0,505.478102189781,810
2021-03-16,642,351.0,298.0,573.1666666666666,505.2904009720535,811
2021-03-17,881,642.0,246.0,601.8333333333334,505.45631067961165,812
2021-03-18,347,881.0,934.0,654.75,505.9115151515152,813
2021-03-19,989,347.0,291.0,605.8333333333334,505.7191283292978,814
2021-03-22,48,989.0,931.0,664.0,506.30350665054414,815
2021-03-23,369,48.0,831.0,590.4166666666666,505.75,816
2021-03-24,876,369.0,97.0,551.9166666666666,505.5850422195416,817
2021-03-25,548,876.0,807.0,616.8333333333334,506.03132530120484,818
2021-03-26,20,548.0,566.0,595.25,506.0818291215403,819
2021-03-29,574,20.0,767.0,549.75,505.49759615384613,820
2021-03-30,526,574.0,759.0,533.6666666666666,505.5798319327731,821
2021-03-31,985,526.0,351.0,514.25,505.6043165467626,822
2021-04-01,655,985.0,642.0,567.0833333333334,506.17844311377246,823
2021-04-02,933,655.0,881.0,568.1666666666666,506.35645933014354,824
2021-04-05,415,933.0,347.0,572.5,506.8661887694146,825
2021-04-06,53,415.0,989.0,578.1666666666666,506.7565632458234,826
2021-04-07,742,53.0,48.0,500.1666666666667,506.21573301549466,827
2021-04-08,611,742.0,369.0,558.0,506.49642857142857,828
2021-04-09,684,611.0,876.0,578.1666666666666,506.62068965517244,829
2021-04-12,178,684.0,548.0,562.1666666666666,506.8313539192399,830
2021-04-13,136,178.0,20.0,531.3333333333334,506.44128113879003,831
2021-04-14,680,136.0,574.0,541.0,506.00236966824644,832
2021-04-15,16,680.0,526.0,549.8333333333334,506.2082840236686,833
2021-04-16,623,16.0,985.0,507.3333333333333,505.628841607565,834
2021-04-19,750,623.0,655.0,477.1666666666667,505.76741440377805,835
2021-04-20,526,750.0,933.0,485.0833333333333,506.0554245283019,836
2021-04-21,258,526.0,415.0,451.1666666666667,506.07891637220257,837
2021-04-22,148,258.0,53.0,438.0833333333333,505.78705882352943,838
2021-04-23,762,148.0,742.0,446.0,505.36662749706227,839
2021-04-26,109,762.0,611.0,447.6666666666667,505.6678403755869,840
2021-04-27,53,109.0,684.0,405.8333333333333,505.20281359906215,841
2021-04-28,537,53.0,178.0,353.25,504.6733021077283,842
2021-04-29,755,537.0,136.0,383.1666666666667,504.7111111111111,843
2021-04-30,50,755.0,680.0,434.75,505.0035046728972,844
2021-05-03,971,50.0,16.0,382.25,504.47257876312716,845
2021-05-04,465,971.0,623.0,461.8333333333333,505.01631701631703,846
2021-05-05,782,465.0,750.0,448.6666666666667,504.9697322467986,847
2021-05-06,475,782.0,526.0,451.3333333333333,505.29186046511626,848
2021-05-07,68,475.0,258.0,447.0833333333333,505.2566782810685,849
2021-05-10,860,68.0,148.0,431.25,504.74941995359626,850
2021-05-11,753,860.0,762.0,490.5833333333333,505.16106604866746,851
2021-05-12,265,753.0,109.0,489.8333333333333,505.4479166666667,852
2021-05-13,958,265.0,53.0,502.8333333333333,505.1699421965318,853
2021-05-14,863,958.0,537.0,578.25,505.6928406466513,854
2021-05-17,615,863.0,755.0,605.4166666666666,506.1049596309112,855
2021-05-18,270,615.0,50.0,593.75,506.2304147465438,856
2021-05-19,855,270.0,971.0,612.0833333333334,505.95857307249713,857
2021-05-20,130,855.0,465.0,602.4166666666666,506.35977011494253,858
2021-05-21,151,130.0,782.0,574.5,505.9276693455798,859
2021-05-24,52,151.0,475.0,521.9166666666666,505.52064220183485,860
2021-05-25,369,52.0,68.0,486.6666666666667,505.00114547537225,861
2021-05-26,576,369.0,860.0,511.75,504.84553775743706,862
2021-05-27,635,576.0,753.0,488.0833333333333,504.92685714285716,863
2021-05-28,282,635.0,265.0,478.25,505.0753424657534,864
2021-05-31,493,282.0,958.0,479.6666666666667,504.82098061573544,865
2021-06-01,117,493.0,863.0,440.9166666666667,504.80751708428244,866
2021-06-02,948,117.0,615.0,378.75,504.3663253697383,867
2021-06-03,633,948.0,270.0,406.5,504.87045454545455,868
2021-06-04,227,633.0,855.0,436.75,505.0158910329171,869
2021-06-07,118,227.0,130.0,384.4166666666667,504.70068027210885,870
2021-06-08,841,118.0,151.0,383.4166666666667,504.26274065685163,871
2021-06-09,736,841.0,52.0,440.9166666666667,504.64366515837105,872
2021-06-10,746,736.0,369.0,497.9166666666667,504.90508474576274,873
2021-06-11,695,746.0,576.0,529.3333333333334,505.17720090293454,874
2021-06-14,901,695.0,635.0,539.25,505.39120631341603,875
2021-06-15,108,901.0,282.0,561.4166666666666,505.8367117117117,876
2021-06-16,553,108.0,493.0,546.9166666666666,505.3892013498313,877
2021-06-17,89,553.0,117.0,551.9166666666666,505.44269662921346,878
2021-06-18,752,89.0,948.0,549.5833333333334,504.9753086419753,879
2021-06-21,367,752.0,633.0,533.25,505.25224215246635,880
2021-06-22,400,367.0,227.0,511.0833333333333,505.0974244120941,881
2021-06-23,836,400.0,118.0,525.5,504.97986577181206,882
2021-06-24,153,836.0,841.0,585.3333333333334,505.34972067039104,883
2021-06-25,93,153.0,736.0,528.0,504.9564732142857,884
2021-06-28,479,93.0,746.0,474.4166666666667,504.49721293199553,885
2021-06-29,736,479.0,695.0,452.1666666666667,504.4688195991091,886
2021-06-30,389,736.0,901.0,455.5833333333333,504.726362625139,887
2021-07-01,472,389.0,108.0,412.9166666666667,504.59777777777776,888
2021-07-02,759,472.0,553.0,443.25,504.56159822419534,889
2021-07-05,591,759.0,89.0,460.4166666666667,504.84368070953434,890
2021-07-06,641,591.0,752.0,502.25,504.9390919158361,891
2021-07-07,888,641.0,367.0,493.0,505.0896017699115,892
2021-07-08,758,888.0,400.0,536.4166666666666,505.51270718232047,893
2021-07-09,292,758.0,836.0,566.25,505.7913907284768,894
2021-07-12,768,292.0,153.0,520.9166666666666,505.55567805953694,895
2021-07-13,293,768.0,93.0,572.1666666666666,505.8447136563877,896
2021-07-14,740,293.0,479.0,588.8333333333334,505.6105610561056,897
2021-07-15,920,740.0,736.0,610.5833333333334,505.86813186813185,898
2021-07-16,90,920.0,389.0,625.9166666666666,506.3227222832053,899
2021-07-19,415,90.0,472.0,601.0,505.86622807017545,900
2021-07-20,900,415.0,759.0,596.25,505.7667031763417,901
2021-07-21,803,900.0,591.0,608.0,506.1980306345733,902
2021-07-22,764,803.0,641.0,625.6666666666666,506.5224043715847,903
2021-07-23,378,764.0,888.0,635.9166666666666,506.8034934497817,904
2021-07-26,388,378.0,758.0,593.4166666666666,506.66303162486366,905
2021-07-27,556,388.0,292.0,562.5833333333334,506.53376906318084,906
2021-07-28,614,556.0,768.0,584.5833333333334,506.5875952121872,907
2021-07-29,764,614.0,293.0,571.75,506.704347826087,908
2021-07-30,704,764.0,740.0,611.0,506.98371335504885,909
2021-08-02,239,704.0,920.0,608.0,507.19739696312365,910
2021-08-03,240,239.0,90.0,551.25,506.9068255687974,911
2021-08-04,696,240.0,415.0,563.75,506.6179653679654,912
2021-08-05,345,696.0,900.0,587.1666666666666,506.8227027027027,913
2021-08-06,163,345.0,803.0,540.9166666666666,506.6479481641469,914
2021-08-09,419,163.0,764.0,487.5833333333333,506.277238403452,915
2021-08-10,599,419.0,378.0,458.8333333333333,506.18318965517244,916
2021-08-11,261,599.0,388.0,477.25,506.2831001076426,917
2021-08-12,745,261.0,556.0,466.6666666666667,506.01935483870966,918
2021-08-13,707,745.0,614.0,482.4166666666667,506.2760472610097,919
2021-08-16,746,707.0,764.0,490.1666666666667,506.4914163090129,920
2021-08-17,630,746.0,704.0,488.6666666666667,506.7481243301179,921
2021-08-18,144,630.0,239.0,482.5,506.8800856531049,922
2021-08-19,34,144.0,240.0,474.5833333333333,506.4919786096257,923
2021-08-20,862,34.0,696.0,457.4166666666667,505.9871794871795,924
2021-08-23,128,862.0,345.0,471.25,506.36712913553896,925
2021-08-24,841,128.0,163.0,453.1666666666667,505.9637526652452,926
2021-08-25,760,841.0,419.0,509.6666666666667,506.3205537806177,927
2021-08-26,987,760.0,599.0,538.0833333333334,506.5904255319149,928
2021-08-27,413,987.0,261.0,570.4166666666666,507.1009564293305,929
2021-08-30,412,413.0,745.0,583.0833333333334,507.00106157112526,930
2021-08-31,335,412.0,707.0,555.3333333333334,506.9003181336161,931
2021-09-01,502,335.0,746.0,524.3333333333334,506.71822033898303,932
2021-09-02,933,502.0,630.0,504.0,506.71322751322754,933
2021-09-03,99,933.0,144.0,529.25,507.16384778012684,934
2021-09-06,595,99.0,34.0,525.5,506.73284054910243,935
2021-09-07,59,595.0,862.0,572.25,506.8259493670886,936
2021-09-08,547,59.0,128.0,505.3333333333333,506.3540569020021,937
2021-09-09,916,547.0,841.0,540.25,506.39684210526315,938
2021-09-10,931,916.0,760.0,546.5,506.8275499474238,939
2021-09-13,40,931.0,987.0,560.75,507.2731092436975,940
2021-09-14,468,40.0,413.0,481.8333333333333,506.78279118572925,941
2021-09-15,32,468.0,412.0,486.4166666666667,506.74213836477986,942
2021-09-16,662,32.0,335.0,454.75,506.24502617801045,943
2021-09-17,714,662.0,502.0,482.0,506.407949790795,944
2021-09-20,723,714.0,933.0,499.6666666666667,506.6248693834901,945
2021-09-21,114,723.0,99.0,482.1666666666667,506.8507306889353,946
2021-09-22,708,114.0,595.0,483.4166666666667,506.44108446298225,947
2021-09-23,975,708.0,59.0,492.8333333333333,506.6510416666667,948
2021-09-24,262,975.0,547.0,569.1666666666666,507.13839750260144,949
2021-09-27,275,262.0,916.0,545.4166666666666,506.8835758835759,950
2021-09-28,226,275.0,931.0,492.0,506.6427829698858,951
2021-09-29,610,226.0,40.0,433.25,506.35165975103735,952
2021-09-30,606,610.0,468.0,480.75,506.45906735751294,953
2021-10-01,910,606.0,32.0,492.25,506.5621118012422,954
2021-10-04,876,910.0,662.0,565.4166666666666,506.97931747673215,955
2021-10-05,33,876.0,714.0,583.25,507.36053719008265,956
2021-10-06,649,33.0,723.0,526.5,506.87100103199174,957
2021-10-07,716,649.0,114.0,520.3333333333334,507.01752577319587,958
2021-10-08,71,716.0,708.0,570.5,507.2327497425335,959
2021-10-11,473,71.0,975.0,517.4166666666666,506.78395061728395,960
2021-10-12,461,473.0,262.0,475.5833333333333,506.7492291880781,961
2021-10-13,642,461.0,275.0,492.1666666666667,506.7022587268994,962
2021-10-14,19,642.0,226.0,522.75,506.8410256410256,963
2021-10-15,968,19.0,610.0,505.5,506.34118852459017,964
2021-10-18,527,968.0,606.0,535.3333333333334,506.813715455476,965
2021-10-19,491,527.0,910.0,528.75,506.83435582822085,966
2021-10-20,353,491.0,876.0,493.8333333333333,506.8181818181818,967
2021-10-21,722,353.0,33.0,450.25,506.6612244897959,968
2021-10-22,426,722.0,649.0,507.6666666666667,506.8807339449541,969
2021-10-25,970,426.0,716.0,489.0833333333333,506.79837067209775,970
2021-10-26,495,970.0,71.0,510.25,507.26958290946084,971
2021-10-27,488,495.0,473.0,545.5833333333334,507.2571138211382,972
2021-10-28,187,488.0,461.0,546.8333333333334,507.2375634517766,973
2021-10-29,236,187.0,642.0,524.0,506.9127789046653,974
2021-11-01,42,236.0,19.0,490.1666666666667,506.63829787234044,975
2021-11-02,265,42.0,968.0,492.0833333333333,506.168016194332,976
2021-11-03,188,265.0,527.0,433.5,505.9241658240647,977
2021-11-04,63,188.0,491.0,405.25,505.6030303030303,978
2021-11-05,169,63.0,353.0,369.5833333333333,505.1564076690212,979
2021-11-08,576,169.0,722.0,354.25,504.81754032258067,980
2021-11-09,24,576.0,426.0,342.0833333333333,504.889224572004,981
2021-11-10,905,24.0,970.0,308.5833333333333,504.4054325955734,982
2021-11-11,748,905.0,495.0,303.1666666666667,504.80804020100504,983
2021-11-12,635,748.0,488.0,324.25,505.0522088353414,984
2021-11-15,245,635.0,187.0,336.5,505.1825476429288,985
2021-11-16,313,245.0,236.0,341.3333333333333,504.92184368737475,986
2021-11-17,967,313.0,42.0,347.75,504.72972972972974,987
2021-11-18,802,967.0,265.0,424.8333333333333,505.192,988
2021-11-19,571,802.0,188.0,469.5833333333333,505.4885114885115,989
2021-11-22,363,571.0,63.0,501.5,505.55389221556885,990
2021-11-23,549,363.0,169.0,526.5,505.4117647058824,991
2021-11-24,448,549.0,576.0,558.1666666666666,505.4551792828685,992
2021-11-25,357,448.0,24.0,547.5,505.39800995024876,993
2021-11-26,931,357.0,905.0,575.25,505.25049701789266,994
2021-11-29,935,931.0,748.0,577.4166666666666,505.6732869910626,995
2021-11-30,840,935.0,635.0,593.0,506.0992063492063,996
2021-12-01,126,840.0,245.0,610.0833333333334,506.43012884043605,997
2021-12-02,398,126.0,313.0,600.1666666666666,506.05346534653467,998
2021-12-03,856,398.0,967.0,607.25,505.946587537092,999
2021-12-06,75,856.0,802.0,598.0,506.29249011857706,1000
2021-12-07,871,75.0,571.0,537.4166666666666,505.86673247778873,1001
2021-12-08,570,871.0,363.0,562.4166666666666,506.2268244575937,1002
2021-12-09,398,570.0,549.0,579.6666666666666,506.2896551724138,1003
2021-12-10,540,398.0,448.0,567.0833333333334,506.18307086614175,1004
2021-12-13,418,540.0,357.0,574.75,506.21632251720746,1005
2021-12-14,702,418.0,931.0,579.8333333333334,506.12966601178783,1006
2021-12-15,728,702.0,935.0,560.75,506.3218842001963,1007
2021-12-16,74,728.0,840.0,543.5,506.53921568627453,1008
2021-12-17,50,74.0,126.0,479.6666666666667,506.11557296767876,1009
2021-12-20,245,50.0,398.0,473.3333333333333,505.6692759295499,1010
2021-12-21,858,245.0,856.0,460.5833333333333,505.41446725317695,1011
2021-12-22,365,858.0,75.0,460.75,505.7587890625,1012
2021-12-23,486,365.0,871.0,484.9166666666667,505.62146341463415,1013
2021-12-24,69,486.0,570.0,452.8333333333333,505.60233918128654,1014
2021-12-27,692,69.0,398.0,411.0833333333333,505.17721518987344,1015
2021-12-28,553,692.0,540.0,435.5833333333333,505.3589494163424,1016
2021-12-29,737,553.0,418.0,436.6666666666667,505.40524781341105,1017
2021-12-30,131,737.0,702.0,463.25,505.63009708737866,1018
2022-01-04,394,131.0,728.0,415.6666666666667,505.266731328807,1019
2022-01-05,917,394.0,74.0,387.8333333333333,505.1589147286822,1020
2022-01-06,201,917.0,50.0,458.0833333333333,505.55759922555666,1021
2022-01-07,698,201.0,245.0,470.6666666666667,505.2630560928433,1022
2022-01-10,758,698.0,858.0,508.4166666666667,505.4492753623188,1023
2022-01-11,906,758.0,365.0,500.0833333333333,505.69305019305017,1024
2022-01-12,372,906.0,486.0,545.1666666666666,506.0790742526519,1025
2022-01-13,387,372.0,69.0,535.6666666666666,505.9499036608863,1026
2022-01-14,946,387.0,692.0,562.1666666666666,505.8354186717998,1027
2022-01-17,529,946.0,553.0,583.3333333333334,506.25865384615383,1028
2022-01-18,118,529.0,737.0,581.3333333333334,506.2804995196926,1029
2022-01-19,330,118.0,131.0,529.75,505.90786948176583,1030
2022-01-20,739,330.0,394.0,546.3333333333334,505.7392138063279,1031
2022-01-21,597,739.0,917.0,575.0833333333334,505.96264367816093,1032
2022-01-24,207,597.0,201.0,548.4166666666666,506.0497607655502,1033
2022-01-25,607,207.0,698.0,548.9166666666666,505.76386233269596,1034
2022-01-26,988,607.0,758.0,541.3333333333334,505.86055396370585,1035
2022-01-27,995,988.0,906.0,560.5,506.3206106870229,1036
2022-01-28,355,995.0,372.0,567.9166666666666,506.78646329837943,1037
2022-01-31,125,355.0,387.0,566.5,506.64190476190475,1038
2022-02-01,372,125.0,946.0,544.6666666666666,506.27878211227403,1039
2022-02-02,160,372.0,529.0,496.8333333333333,506.1511406844106,1040
2022-02-03,839,160.0,118.0,466.0833333333333,505.8224121557455,1041
2022-02-04,94,839.0,330.0,526.1666666666666,506.13851992409866,1042
2022-02-07,138,94.0,739.0,506.5,505.74786729857817,1043
2022-02-08,355,138.0,597.0,456.4166666666667,505.3996212121212,1044
2022-02-09,8,355.0,207.0,436.25,505.2573320719016,1045
2022-02-10,577,8.0,607.0,419.6666666666667,504.7873345935728,1046
2022-02-11,888,577.0,988.0,417.1666666666667,504.8555240793201,1047
2022-02-14,973,888.0,995.0,408.8333333333333,505.2169811320755,1048
2022-02-15,280,973.0,355.0,407.0,505.6578699340245,1049
2022-02-16,494,280.0,125.0,400.75,505.4453860640301,1050
2022-02-17,719,494.0,372.0,431.5,505.4346190028222,1051
2022-02-18,98,719.0,160.0,460.4166666666667,505.6353383458647,1052
2022-02-21,991,98.0,839.0,455.25,505.2525821596244,1053
2022-02-22,481,991.0,94.0,467.9166666666667,505.7082551594747,1054
2022-02-23,520,481.0,138.0,500.1666666666667,505.6850984067479,1055
2022-02-24,811,520.0,355.0,532.0,505.69850187265916,1056
2022-02-25,951,811.0,8.0,570.0,505.9840972871843,1057
2022-02-28,358,951.0,577.0,648.5833333333334,506.4,1058
2022-03-01,463,358.0,888.0,630.3333333333334,506.26143790849676,1059
2022-03-02,735,463.0,973.0,594.9166666666666,506.2210820895522,1060
2022-03-03,907,735.0,280.0,575.0833333333334,506.43429636533085,1061
2022-03-04,432,907.0,494.0,627.3333333333334,506.8072625698324,1062
2022-03-07,493,432.0,719.0,622.1666666666666,506.7376744186046,1063
2022-03-08,348,493.0,98.0,603.3333333333334,506.724907063197,1064
2022-03-09,516,348.0,991.0,624.1666666666666,506.57753017641596,1065
2022-03-10,920,516.0,481.0,584.5833333333334,506.58627087198516,1066
2022-03-11,790,920.0,520.0,621.1666666666666,506.96941612604263,1067
2022-03-14,552,790.0,811.0,643.6666666666666,507.23148148148147,1068
2022-03-15,805,552.0,951.0,622.0833333333334,507.27289546716,1069
2022-03-16,567,805.0,358.0,609.9166666666666,507.54805914972275,1070
2022-03-17,798,567.0,463.0,627.3333333333334,507.6029547553093,1071
2022-03-18,529,798.0,735.0,655.25,507.8708487084871,1072
2022-03-21,133,529.0,907.0,638.0833333333334,507.89032258064515,1073
2022-03-22,428,133.0,432.0,573.5833333333334,507.5451197053407,1074
2022-03-23,28,428.0,493.0,573.25,507.47194112235513,1075
2022-03-24,959,28.0,348.0,534.5,507.03125,1076
2022-03-25,928,959.0,516.0,585.4166666666666,507.44628099173553,1077
2022-03-28,943,928.0,920.0,619.75,507.8321100917431,1078
2022-03-29,515,943.0,790.0,621.6666666666666,508.230980751604,1079
2022-03-30,522,515.0,552.0,598.75,508.2371794871795,1080
2022-03-31,733,522.0,805.0,596.25,508.2497712717292,1081
2022-04-01,194,733.0,567.0,590.25,508.45521023765997,1082
2022-04-04,60,194.0,798.0,559.1666666666666,508.16803652968036,1083
2022-04-05,106,60.0,529.0,497.6666666666667,507.75912408759126,1084
2022-04-06,922,106.0,133.0,462.4166666666667,507.3928896991796,1085
2022-04-07,622,922.0,428.0,528.1666666666666,507.7704918032787,1086
2022-04-08,683,622.0,28.0,544.3333333333334,507.8744313011829,1087
2022-04-11,391,683.0,959.0,598.9166666666666,508.0336363636364,1088
2022-04-12,338,391.0,928.0,551.5833333333334,507.9273387829246,1089
2022-04-13,882,338.0,943.0,502.4166666666667,507.7731397459165,1090
2022-04-14,859,882.0,515.0,497.3333333333333,508.11242067089756,1091
2022-04-15,451,859.0,522.0,526.0,508.4302536231884,1092
2022-04-18,950,451.0,733.0,520.0833333333334,508.37828054298643,1093
2022-04-19,124,950.0,194.0,538.1666666666666,508.7775768535262,1094
2022-04-20,162,124.0,60.0,532.3333333333334,508.4299909665763,1095
2022-04-21,40,162.0,106.0,540.8333333333334,508.1173285198556,1096
2022-04-22,193,40.0,922.0,535.3333333333334,507.6952209197475,1097
2022-04-25,696,193.0,622.0,474.5833333333333,507.4117117117117,1098
2022-04-26,939,696.0,683.0,480.75,507.58145814581457,1099
2022-04-27,183,939.0,391.0,502.0833333333333,507.96942446043164,1100
2022-04-28,621,183.0,338.0,484.75,507.6774483378257,1101
2022-04-29,226,621.0,882.0,508.3333333333333,507.77917414721725,1102
2022-05-02,468,226.0,859.0,453.6666666666667,507.52645739910315,1103
2022-05-03,985,468.0,451.0,421.0833333333333,507.4910394265233,1104
2022-05-04,394,985.0,950.0,465.5833333333333,507.91853178155776,1105
2022-05-05,655,394.0,124.0,419.25,507.81663685152057,1106
2022-05-06,529,655.0,162.0,463.5,507.94816800714926,1107
2022-05-09,283,529.0,40.0,494.0833333333333,507.9669642857143,1108
2022-05-10,408,283.0,193.0,514.3333333333334,507.7662801070473,1109
2022-05-11,713,408.0,696.0,532.25,507.67736185383245,1110
2022-05-12,264,713.0,939.0,533.6666666666666,507.86019590382904,1111
2022-05-13,612,264.0,183.0,477.4166666666667,507.6432384341637,1112
2022-05-16,981,612.0,621.0,513.1666666666666,507.736,1113
2022-05-17,150,981.0,226.0,543.1666666666666,508.1563055062167,1114
2022-05-18,7,150.0,468.0,536.8333333333334,507.83850931677017,1115
2022-05-19,603,7.0,985.0,498.4166666666667,507.3945035460993,1116
2022-05-20,941,603.0,394.0,466.5833333333333,507.4791851195748,1117
2022-05-23,319,941.0,655.0,512.1666666666666,507.8628318584071,1118
2022-05-24,123,319.0,529.0,484.1666666666667,507.6958443854996,1119
2022-05-25,940,123.0,283.0,450.3333333333333,507.3560070671378,1120
2022-05-26,544,940.0,408.0,505.0833333333333,507.7378640776699,1121
2022-05-27,431,544.0,713.0,516.4166666666666,507.76984126984127,1122
2022-05-30,250,431.0,264.0,492.9166666666667,507.7022026431718,1123
2022-05-31,790,250.0,612.0,491.75,507.47535211267603,1124
2022-06-01,30,790.0,981.0,506.5833333333333,507.7238346525945,1125
2022-06-02,44,30.0,150.0,427.3333333333333,507.30404217926184,1126
2022-06-03,677,44.0,7.0,418.5,506.8972783143108,1127
2022-06-06,739,677.0,603.0,474.3333333333333,507.0464912280702,1128
2022-06-07,936,739.0,941.0,485.6666666666667,507.2497808939527,1129
2022-06-08,640,936.0,319.0,485.25,507.62521891418567,1130
2022-06-09,415,640.0,123.0,512.0,507.74103237095363,1131
2022-06-10,274,415.0,940.0,536.3333333333334,507.659965034965,1132
2022-06-13,272,274.0,544.0,480.8333333333333,507.45589519650656,1133
2022-06-14,753,272.0,431.0,458.1666666666667,507.2504363001745,1134
2022-06-15,492,753.0,250.0,485.0,507.46469049694855,1135
2022-06-16,597,492.0,790.0,505.1666666666667,507.4512195121951,1136
2022-06-17,87,597.0,30.0,489.0833333333333,507.5291557876414,1137
2022-06-20,112,87.0,44.0,493.8333333333333,507.16347826086957,1138
2022-06-21,445,112.0,677.0,499.5,506.82015638575155,1139
2022-06-22,377,445.0,739.0,480.1666666666667,506.76649305555554,1140
2022-06-23,844,377.0,936.0,450.0,506.6539462272333,1141
2022-06-24,959,844.0,640.0,442.3333333333333,506.946273830156,1142
2022-06-27,953,959.0,415.0,468.9166666666667,507.3376623376623,1143
2022-06-28,98,953.0,274.0,513.75,507.7231833910035,1144
2022-06-29,483,98.0,272.0,499.0833333333333,507.36905790838375,1145
2022-06-30,134,483.0,753.0,516.6666666666666,507.34801381692574,1146
2022-07-01,89,134.0,492.0,465.0833333333333,507.02588438308885,1147
2022-07-04,671,89.0,597.0,431.5,506.6655172413793,1148
2022-07-05,640,671.0,87.0,437.6666666666667,506.80706287683034,1149
2022-07-06,771,640.0,112.0,483.75,506.921686746988,1150
2022-07-07,628,771.0,445.0,538.6666666666666,507.1487532244196,1151
2022-07-08,641,628.0,377.0,553.9166666666666,507.2525773195876,1152
2022-07-11,606,641.0,844.0,575.9166666666666,507.36738197424893,1153
2022-07-12,43,606.0,959.0,556.0833333333334,507.4519725557461,1154
2022-07-13,689,43.0,953.0,479.75,507.0539845758355,1155
2022-07-14,949,689.0,98.0,457.75,507.2097602739726,1156
2022-07-15,359,949.0,483.0,528.6666666666666,507.5876817792985,1157
2022-07-18,994,359.0,134.0,518.3333333333334,507.46068376068376,1158
2022-07-19,459,994.0,89.0,590.0,507.87617421007684,1159
2022-07-20,941,459.0,671.0,620.8333333333334,507.8344709897611,1160
2022-07-21,217,941.0,640.0,643.3333333333334,508.20375106564364,1161
2022-07-22,414,217.0,771.0,608.0833333333334,507.9557069846678,1162
2022-07-25,370,414.0,628.0,578.3333333333334,507.8757446808511,1163
2022-07-26,208,370.0,641.0,556.8333333333334,507.75850340136054,1164
2022-07-27,47,208.0,606.0,520.75,507.5038232795242,1165
2022-07-28,691,47.0,43.0,474.1666666666667,507.11290322580646,1166
2022-07-29,705,691.0,689.0,528.1666666666666,507.2688719253605,1167
2022-08-01,827,705.0,949.0,529.5,507.4364406779661,1168
2022-08-02,890,827.0,359.0,519.3333333333334,507.7070279424217,1169
2022-08-03,818,890.0,994.0,563.5833333333334,508.0304568527919,1170
2022-08-04,475,818.0,459.0,548.9166666666666,508.29247675401524,1171
2022-08-05,509,475.0,941.0,550.25,508.2643581081081,1172
2022-08-08,546,509.0,217.0,514.25,508.2649789029536,1173
2022-08-09,498,546.0,414.0,541.6666666666666,508.2967959527825,1174
2022-08-10,257,498.0,370.0,548.6666666666666,508.28812131423757,1175
2022-08-11,802,257.0,208.0,539.25,508.0765993265993,1176
2022-08-12,731,802.0,47.0,588.75,508.3238015138772,1177
2022-08-15,33,731.0,691.0,645.75,508.5109243697479,1178
2022-08-16,624,33.0,705.0,590.9166666666666,508.1116708648195,1179
2022-08-17,287,624.0,827.0,584.1666666666666,508.2088926174497,1180
2022-08-18,302,287.0,890.0,539.1666666666666,508.02347024308466,1181
2022-08-19,462,302.0,818.0,490.1666666666667,507.8509212730318,1182
2022-08-22,849,462.0,475.0,460.5,507.8125523012552,1183
2022-08-23,48,849.0,509.0,491.6666666666667,508.0978260869565,1184
2022-08-24,877,48.0,546.0,453.25,507.7134502923977,1185
2022-08-25,252,877.0,498.0,480.8333333333333,508.02170283806345,1186
2022-08-26,514,252.0,257.0,460.3333333333333,507.80817347789826,1187
2022-08-29,988,514.0,802.0,481.75,507.81333333333333,1188
2022-08-30,879,988.0,731.0,497.25,508.21315570358036,1189
2022-08-31,685,879.0,33.0,509.5833333333333,508.5216306156406,1190
2022-09-01,353,685.0,624.0,563.9166666666666,508.66832917705733,1191
2022-09-02,347,353.0,287.0,541.3333333333334,508.5390365448505,1192
2022-09-05,591,347.0,302.0,546.3333333333334,508.40497925311206,1193
2022-09-06,114,591.0,462.0,570.4166666666666,508.47346600331673,1194
2022-09-07,892,114.0,849.0,541.4166666666666,508.1466445733223,1195
2022-09-08,20,892.0,48.0,545.0,508.46440397350995,1196
2022-09-09,566,20.0,877.0,542.6666666666666,508.06038047973533,1197
2022-09-12,411,566.0,252.0,516.75,508.1082644628099,1198
2022-09-13,170,411.0,514.0,530.0,508.0280759702725,1199
2022-09-14,318,170.0,988.0,501.3333333333333,507.74917491749176,1200
2022-09-15,988,318.0,879.0,445.5,507.59274525968675,1201
2022-09-16,979,988.0,685.0,454.5833333333333,507.9884678747941,1202
2022-09-19,445,979.0,353.0,479.0833333333333,508.3761316872428,1203
2022-09-20,232,445.0,347.0,486.75,508.32401315789474,1204
2022-09-21,281,232.0,591.0,477.1666666666667,508.09695973705834,1205
2022-09-22,595,281.0,114.0,451.3333333333333,507.91050903119867,1206
2022-09-23,278,595.0,892.0,491.4166666666667,507.9819524200164,1207
2022-09-26,222,278.0,20.0,440.25,507.7934426229508,1208
2022-09-27,443,222.0,566.0,457.0833333333333,507.55937755937754,1209
2022-09-28,727,443.0,411.0,446.8333333333333,507.5065466448445,1210
2022-09-29,274,727.0,170.0,473.1666666666667,507.68601798855275,1211
2022-09-30,125,274.0,318.0,481.8333333333333,507.4950980392157,1212
2022-10-03,394,125.0,988.0,465.75,507.18285714285713,1213
2022-10-04,9,394.0,979.0,416.25,507.0905383360522,1214
2022-10-05,146,9.0,445.0,335.4166666666667,506.6845965770171,1215
2022-10-06,432,146.0,232.0,310.5,506.39087947882734,1216
2022-10-07,31,432.0,281.0,327.1666666666667,506.3303498779496,1217
2022-10-10,139,31.0,595.0,306.3333333333333,505.9439024390244,1218
2022-10-11,601,139.0,278.0,268.3333333333333,505.6458164094232,1219
2022-10-12,630,601.0,222.0,295.25,505.7232142857143,1220
2022-10-13,280,630.0,443.0,329.25,505.82400648824006,1221
2022-10-14,595,280.0,727.0,315.6666666666667,505.6410048622366,1222
2022-10-17,763,595.0,274.0,304.6666666666667,505.71336032388666,1223
2022-10-18,809,763.0,125.0,345.4166666666667,505.9215210355987,1224
2022-10-19,2,809.0,394.0,402.4166666666667,506.1665319320938,1225
2022-10-20,804,2.0,9.0,369.75,505.7592891760905,1226
2022-10-21,570,804.0,146.0,436.0,506.0,1227
2022-10-24,30,570.0,432.0,471.3333333333333,506.0516129032258,1228
2022-10-25,46,30.0,31.0,437.8333333333333,505.66800966962126,1229
2022-10-26,605,46.0,139.0,439.0833333333333,505.29790660225444,1230
2022-10-27,850,605.0,601.0,477.9166666666667,505.3781174577635,1231
2022-10-28,849,850.0,630.0,498.6666666666667,505.65514469453376,1232
2022-10-31,986,849.0,280.0,516.9166666666666,505.9309236947791,1233
2022-11-01,281,986.0,595.0,575.75,506.31621187800965,1234
2022-11-02,746,281.0,763.0,549.5833333333334,506.1355252606255,1235
2022-11-03,65,746.0,809.0,548.1666666666666,506.32772435897436,1236
2022-11-04,763,65.0,2.0,486.1666666666667,505.9743795036029,1237
2022-11-07,89,763.0,804.0,549.5833333333334,506.18,1238
2022-11-08,800,89.0,570.0,490.0,505.8465227817746,1239
2022-11-09,54,800.0,30.0,509.1666666666667,506.0814696485623,1240
2022-11-10,394,54.0,46.0,511.1666666666667,505.72067039106145,1241
2022-11-11,754,394.0,605.0,540.1666666666666,505.63157894736844,1242
2022-11-14,659,754.0,850.0,552.5833333333334,505.82948207171313,1243
2022-11-15,641,659.0,849.0,536.6666666666666,505.95143312101914,1244
2022-11-16,824,641.0,986.0,519.3333333333334,506.0588703261734,1245
2022-11-17,930,824.0,281.0,505.8333333333333,506.3116057233704,1246
2022-11-18,947,930.0,746.0,559.9166666666666,506.6481334392375,1247
2022-11-21,590,947.0,65.0,576.6666666666666,506.997619047619,1248
2022-11-22,348,590.0,763.0,620.4166666666666,507.06344171292625,1249
2022-11-23,533,348.0,89.0,585.8333333333334,506.9374009508716,1250
2022-11-24,438,533.0,800.0,622.8333333333334,506.95803642121933,1251
2022-11-25,424,438.0,54.0,592.6666666666666,506.90348101265823,1252
2022-11-28,754,424.0,394.0,623.5,506.8379446640316,1253
2022-11-29,386,754.0,754.0,653.5,507.0331753554502,1254
2022-11-30,589,386.0,659.0,622.8333333333334,506.93764798737175,1255
2022-12-01,978,589.0,641.0,617.0,507.00236593059935,1256
2022-12-02,447,978.0,824.0,645.0833333333334,507.3735224586288,1257
2022-12-05,468,447.0,930.0,613.6666666666666,507.3259842519685,1258
2022-12-06,658,468.0,947.0,575.1666666666666,507.2950432730134,1259
2022-12-07,745,658.0,590.0,551.0833333333334,507.4135220125786,1260
2022-12-08,671,745.0,348.0,564.0,507.6001571091909,1261
2022-12-09,742,671.0,533.0,590.9166666666666,507.72841444270017,1262
2022-12-12,636,742.0,438.0,608.3333333333334,507.9121568627451,1263
2022-12-13,638,636.0,424.0,624.8333333333334,508.01253918495297,1264
2022-12-14,799,638.0,754.0,642.6666666666666,508.11433046202035,1265
2022-12-15,613,799.0,386.0,646.4166666666666,508.34194053208137,1266
2022-12-16,559,613.0,589.0,665.3333333333334,508.4237685691947,1267
2022-12-19,460,559.0,978.0,662.8333333333334,508.46328125,1268
2022-12-20,229,460.0,447.0,619.6666666666666,508.42544886807184,1269
2022-12-21,947,229.0,468.0,601.5,508.207488299532,1270
2022-12-22,35,947.0,658.0,641.4166666666666,508.54949337490257,1271
2022-12-23,329,35.0,745.0,589.5,508.18068535825546,1272
2022-12-26,857,329.0,671.0,554.8333333333334,508.0412451361868,1273
2022-12-27,929,857.0,742.0,570.3333333333334,508.31259720062206,1274
2022-12-28,958,929.0,636.0,585.9166666666666,508.63947163947165,1275
2022-12-29,194,958.0,638.0,612.75,508.9883540372671,1276
2022-12-30,953,194.0,799.0,575.75,508.74398758727693,1277
