No,date,Lottery_result,hundreds_place,tens_place,ones_place,kaibetu,day_of_week,day_name
1,2018-01-04,858,8,5,8,1,3,Thursday
2,2018-01-05,384,3,8,4,2,4,Friday
3,2018-01-08,976,9,7,6,3,0,Monday
4,2018-01-09,930,9,3,0,4,1,Tuesday
5,2018-01-10,634,6,3,4,5,2,Wednesday
6,2018-01-11,223,2,2,3,6,3,Thursday
7,2018-01-12,413,4,1,3,7,4,Friday
8,2018-01-15,881,8,8,1,8,0,Monday
9,2018-01-16,368,3,6,8,9,1,Tuesday
10,2018-01-17,873,8,7,3,10,2,Wednesday
11,2018-01-18,916,9,1,6,11,3,Thursday
12,2018-01-19,955,9,5,5,12,4,Friday
13,2018-01-22,122,1,2,2,13,0,Monday
14,2018-01-23,327,3,2,7,14,1,Tuesday
15,2018-01-24,92,0,9,2,15,2,Wednesday
16,2018-01-25,282,2,8,2,16,3,Thursday
17,2018-01-26,956,9,5,6,17,4,Friday
18,2018-01-29,415,4,1,5,18,0,Monday
19,2018-01-30,432,4,3,2,19,1,Tuesday
20,2018-01-31,437,4,3,7,20,2,Wednesday
21,2018-02-01,546,5,4,6,21,3,Thursday
22,2018-02-02,291,2,9,1,22,4,Friday
23,2018-02-05,461,4,6,1,23,0,Monday
24,2018-02-06,139,1,3,9,24,1,Tuesday
25,2018-02-07,138,1,3,8,25,2,Wednesday
26,2018-02-08,448,4,4,8,26,3,Thursday
27,2018-02-09,936,9,3,6,27,4,Friday
28,2018-02-12,221,2,2,1,28,0,Monday
29,2018-02-13,876,8,7,6,29,1,Tuesday
30,2018-02-14,347,3,4,7,30,2,Wednesday
31,2018-02-15,631,6,3,1,31,3,Thursday
32,2018-02-16,725,7,2,5,32,4,Friday
33,2018-02-19,949,9,4,9,33,0,Monday
34,2018-02-20,271,2,7,1,34,1,Tuesday
35,2018-02-21,545,5,4,5,35,2,Wednesday
36,2018-02-22,320,3,2,0,36,3,Thursday
37,2018-02-23,60,0,6,0,37,4,Friday
38,2018-02-26,60,0,6,0,38,0,Monday
39,2018-02-27,350,3,5,0,39,1,Tuesday
40,2018-02-28,839,8,3,9,40,2,Wednesday
41,2018-03-01,382,3,8,2,41,3,Thursday
42,2018-03-02,776,7,7,6,42,4,Friday
43,2018-03-05,411,4,1,1,43,0,Monday
44,2018-03-06,586,5,8,6,44,1,Tuesday
45,2018-03-07,45,0,4,5,45,2,Wednesday
46,2018-03-08,123,1,2,3,46,3,Thursday
47,2018-03-09,720,7,2,0,47,4,Friday
48,2018-03-12,497,4,9,7,48,0,Monday
49,2018-03-13,243,2,4,3,49,1,Tuesday
50,2018-03-14,363,3,6,3,50,2,Wednesday
51,2018-03-15,236,2,3,6,51,3,Thursday
52,2018-03-16,399,3,9,9,52,4,Friday
53,2018-03-19,217,2,1,7,53,0,Monday
54,2018-03-20,118,1,1,8,54,1,Tuesday
55,2018-03-21,486,4,8,6,55,2,Wednesday
56,2018-03-22,29,0,2,9,56,3,Thursday
57,2018-03-23,900,9,0,0,57,4,Friday
58,2018-03-26,484,4,8,4,58,0,Monday
59,2018-03-27,905,9,0,5,59,1,Tuesday
60,2018-03-28,800,8,0,0,60,2,Wednesday
61,2018-03-29,339,3,3,9,61,3,Thursday
62,2018-03-30,950,9,5,0,62,4,Friday
63,2018-04-02,684,6,8,4,63,0,Monday
64,2018-04-03,507,5,0,7,64,1,Tuesday
65,2018-04-04,750,7,5,0,65,2,Wednesday
66,2018-04-05,352,3,5,2,66,3,Thursday
67,2018-04-06,516,5,1,6,67,4,Friday
68,2018-04-09,760,7,6,0,68,0,Monday
69,2018-04-10,16,0,1,6,69,1,Tuesday
70,2018-04-11,759,7,5,9,70,2,Wednesday
71,2018-04-12,196,1,9,6,71,3,Thursday
72,2018-04-13,775,7,7,5,72,4,Friday
73,2018-04-16,118,1,1,8,73,0,Monday
74,2018-04-17,993,9,9,3,74,1,Tuesday
75,2018-04-18,984,9,8,4,75,2,Wednesday
76,2018-04-19,159,1,5,9,76,3,Thursday
77,2018-04-20,955,9,5,5,77,4,Friday
78,2018-04-23,716,7,1,6,78,0,Monday
79,2018-04-24,936,9,3,6,79,1,Tuesday
80,2018-04-25,81,0,8,1,80,2,Wednesday
81,2018-04-26,355,3,5,5,81,3,Thursday
82,2018-04-27,714,7,1,4,82,4,Friday
83,2018-04-30,2,0,0,2,83,0,Monday
84,2018-05-01,440,4,4,0,84,1,Tuesday
85,2018-05-02,372,3,7,2,85,2,Wednesday
86,2018-05-03,589,5,8,9,86,3,Thursday
87,2018-05-04,119,1,1,9,87,4,Friday
88,2018-05-07,299,2,9,9,88,0,Monday
89,2018-05-08,909,9,0,9,89,1,Tuesday
90,2018-05-09,37,0,3,7,90,2,Wednesday
91,2018-05-10,402,4,0,2,91,3,Thursday
92,2018-05-11,30,0,3,0,92,4,Friday
93,2018-05-14,604,6,0,4,93,0,Monday
94,2018-05-15,497,4,9,7,94,1,Tuesday
95,2018-05-16,909,9,0,9,95,2,Wednesday
96,2018-05-17,851,8,5,1,96,3,Thursday
97,2018-05-18,934,9,3,4,97,4,Friday
98,2018-05-21,109,1,0,9,98,0,Monday
99,2018-05-22,531,5,3,1,99,1,Tuesday
100,2018-05-23,393,3,9,3,100,2,Wednesday
101,2018-05-24,496,4,9,6,101,3,Thursday
102,2018-05-25,535,5,3,5,102,4,Friday
103,2018-05-28,513,5,1,3,103,0,Monday
104,2018-05-29,797,7,9,7,104,1,Tuesday
105,2018-05-30,648,6,4,8,105,2,Wednesday
106,2018-05-31,319,3,1,9,106,3,Thursday
107,2018-06-01,669,6,6,9,107,4,Friday
108,2018-06-04,173,1,7,3,108,0,Monday
109,2018-06-05,269,2,6,9,109,1,Tuesday
110,2018-06-06,557,5,5,7,110,2,Wednesday
111,2018-06-07,653,6,5,3,111,3,Thursday
112,2018-06-08,137,1,3,7,112,4,Friday
113,2018-06-11,413,4,1,3,113,0,Monday
114,2018-06-12,193,1,9,3,114,1,Tuesday
115,2018-06-13,642,6,4,2,115,2,Wednesday
116,2018-06-14,487,4,8,7,116,3,Thursday
117,2018-06-15,765,7,6,5,117,4,Friday
118,2018-06-18,119,1,1,9,118,0,Monday
119,2018-06-19,182,1,8,2,119,1,Tuesday
120,2018-06-20,912,9,1,2,120,2,Wednesday
121,2018-06-21,18,0,1,8,121,3,Thursday
122,2018-06-22,1,0,0,1,122,4,Friday
123,2018-06-25,549,5,4,9,123,0,Monday
124,2018-06-26,256,2,5,6,124,1,Tuesday
125,2018-06-27,32,0,3,2,125,2,Wednesday
126,2018-06-28,751,7,5,1,126,3,Thursday
127,2018-06-29,349,3,4,9,127,4,Friday
128,2018-07-02,193,1,9,3,128,0,Monday
129,2018-07-03,489,4,8,9,129,1,Tuesday
130,2018-07-04,901,9,0,1,130,2,Wednesday
131,2018-07-05,668,6,6,8,131,3,Thursday
132,2018-07-06,870,8,7,0,132,4,Friday
133,2018-07-09,61,0,6,1,133,0,Monday
134,2018-07-10,625,6,2,5,134,1,Tuesday
135,2018-07-11,223,2,2,3,135,2,Wednesday
136,2018-07-12,205,2,0,5,136,3,Thursday
137,2018-07-13,989,9,8,9,137,4,Friday
138,2018-07-16,176,1,7,6,138,0,Monday
139,2018-07-17,877,8,7,7,139,1,Tuesday
140,2018-07-18,580,5,8,0,140,2,Wednesday
141,2018-07-19,51,0,5,1,141,3,Thursday
142,2018-07-20,115,1,1,5,142,4,Friday
143,2018-07-23,330,3,3,0,143,0,Monday
144,2018-07-24,977,9,7,7,144,1,Tuesday
145,2018-07-25,778,7,7,8,145,2,Wednesday
146,2018-07-26,220,2,2,0,146,3,Thursday
147,2018-07-27,241,2,4,1,147,4,Friday
148,2018-07-30,96,0,9,6,148,0,Monday
149,2018-07-31,430,4,3,0,149,1,Tuesday
150,2018-08-01,918,9,1,8,150,2,Wednesday
151,2018-08-02,644,6,4,4,151,3,Thursday
152,2018-08-03,646,6,4,6,152,4,Friday
153,2018-08-06,47,0,4,7,153,0,Monday
154,2018-08-07,260,2,6,0,154,1,Tuesday
155,2018-08-08,529,5,2,9,155,2,Wednesday
156,2018-08-09,879,8,7,9,156,3,Thursday
157,2018-08-10,890,8,9,0,157,4,Friday
158,2018-08-13,69,0,6,9,158,0,Monday
159,2018-08-14,322,3,2,2,159,1,Tuesday
160,2018-08-15,505,5,0,5,160,2,Wednesday
161,2018-08-16,480,4,8,0,161,3,Thursday
162,2018-08-17,131,1,3,1,162,4,Friday
163,2018-08-20,203,2,0,3,163,0,Monday
164,2018-08-21,78,0,7,8,164,1,Tuesday
165,2018-08-22,308,3,0,8,165,2,Wednesday
166,2018-08-23,371,3,7,1,166,3,Thursday
167,2018-08-24,75,0,7,5,167,4,Friday
168,2018-08-27,300,3,0,0,168,0,Monday
169,2018-08-28,650,6,5,0,169,1,Tuesday
170,2018-08-29,731,7,3,1,170,2,Wednesday
171,2018-08-30,943,9,4,3,171,3,Thursday
172,2018-08-31,271,2,7,1,172,4,Friday
173,2018-09-03,45,0,4,5,173,0,Monday
174,2018-09-04,317,3,1,7,174,1,Tuesday
175,2018-09-05,488,4,8,8,175,2,Wednesday
176,2018-09-06,480,4,8,0,176,3,Thursday
177,2018-09-07,571,5,7,1,177,4,Friday
178,2018-09-10,635,6,3,5,178,0,Monday
179,2018-09-11,283,2,8,3,179,1,Tuesday
180,2018-09-12,739,7,3,9,180,2,Wednesday
181,2018-09-13,704,7,0,4,181,3,Thursday
182,2018-09-14,589,5,8,9,182,4,Friday
183,2018-09-17,674,6,7,4,183,0,Monday
184,2018-09-18,960,9,6,0,184,1,Tuesday
185,2018-09-19,46,0,4,6,185,2,Wednesday
186,2018-09-20,234,2,3,4,186,3,Thursday
187,2018-09-21,681,6,8,1,187,4,Friday
188,2018-09-24,240,2,4,0,188,0,Monday
189,2018-09-25,365,3,6,5,189,1,Tuesday
190,2018-09-26,763,7,6,3,190,2,Wednesday
191,2018-09-27,26,0,2,6,191,3,Thursday
192,2018-09-28,669,6,6,9,192,4,Friday
193,2018-10-01,942,9,4,2,193,0,Monday
194,2018-10-02,461,4,6,1,194,1,Tuesday
195,2018-10-03,877,8,7,7,195,2,Wednesday
196,2018-10-04,449,4,4,9,196,3,Thursday
197,2018-10-05,233,2,3,3,197,4,Friday
198,2018-10-08,361,3,6,1,198,0,Monday
199,2018-10-09,368,3,6,8,199,1,Tuesday
200,2018-10-10,131,1,3,1,200,2,Wednesday
201,2018-10-11,46,0,4,6,201,3,Thursday
202,2018-10-12,46,0,4,6,202,4,Friday
203,2018-10-15,352,3,5,2,203,0,Monday
204,2018-10-16,870,8,7,0,204,1,Tuesday
205,2018-10-17,271,2,7,1,205,2,Wednesday
206,2018-10-18,83,0,8,3,206,3,Thursday
207,2018-10-19,930,9,3,0,207,4,Friday
208,2018-10-22,98,0,9,8,208,0,Monday
209,2018-10-23,12,0,1,2,209,1,Tuesday
210,2018-10-24,49,0,4,9,210,2,Wednesday
211,2018-10-25,594,5,9,4,211,3,Thursday
212,2018-10-26,244,2,4,4,212,4,Friday
213,2018-10-29,453,4,5,3,213,0,Monday
214,2018-10-30,546,5,4,6,214,1,Tuesday
215,2018-10-31,379,3,7,9,215,2,Wednesday
216,2018-11-01,458,4,5,8,216,3,Thursday
217,2018-11-02,115,1,1,5,217,4,Friday
218,2018-11-05,735,7,3,5,218,0,Monday
219,2018-11-06,350,3,5,0,219,1,Tuesday
220,2018-11-07,142,1,4,2,220,2,Wednesday
221,2018-11-08,343,3,4,3,221,3,Thursday
222,2018-11-09,209,2,0,9,222,4,Friday
223,2018-11-12,132,1,3,2,223,0,Monday
224,2018-11-13,309,3,0,9,224,1,Tuesday
225,2018-11-14,281,2,8,1,225,2,Wednesday
226,2018-11-15,105,1,0,5,226,3,Thursday
227,2018-11-16,800,8,0,0,227,4,Friday
228,2018-11-19,775,7,7,5,228,0,Monday
229,2018-11-20,476,4,7,6,229,1,Tuesday
230,2018-11-21,885,8,8,5,230,2,Wednesday
231,2018-11-22,589,5,8,9,231,3,Thursday
232,2018-11-23,275,2,7,5,232,4,Friday
233,2018-11-26,196,1,9,6,233,0,Monday
234,2018-11-27,948,9,4,8,234,1,Tuesday
235,2018-11-28,987,9,8,7,235,2,Wednesday
236,2018-11-29,405,4,0,5,236,3,Thursday
237,2018-11-30,285,2,8,5,237,4,Friday
238,2018-12-03,313,3,1,3,238,0,Monday
239,2018-12-04,921,9,2,1,239,1,Tuesday
240,2018-12-05,9,0,0,9,240,2,Wednesday
241,2018-12-06,295,2,9,5,241,3,Thursday
242,2018-12-07,223,2,2,3,242,4,Friday
243,2018-12-10,991,9,9,1,243,0,Monday
244,2018-12-11,656,6,5,6,244,1,Tuesday
245,2018-12-12,304,3,0,4,245,2,Wednesday
246,2018-12-13,136,1,3,6,246,3,Thursday
247,2018-12-14,922,9,2,2,247,4,Friday
248,2018-12-17,234,2,3,4,248,0,Monday
249,2018-12-18,643,6,4,3,249,1,Tuesday
250,2018-12-19,871,8,7,1,250,2,Wednesday
251,2018-12-20,600,6,0,0,251,3,Thursday
252,2018-12-21,100,1,0,0,252,4,Friday
253,2018-12-24,329,3,2,9,253,0,Monday
254,2018-12-25,442,4,4,2,254,1,Tuesday
255,2018-12-26,644,6,4,4,255,2,Wednesday
256,2018-12-27,80,0,8,0,256,3,Thursday
257,2018-12-28,234,2,3,4,257,4,Friday
1,2019-01-04,804,8,0,4,258,4,Friday
2,2019-01-07,755,7,5,5,259,0,Monday
3,2019-01-08,88,0,8,8,260,1,Tuesday
4,2019-01-09,733,7,3,3,261,2,Wednesday
5,2019-01-10,654,6,5,4,262,3,Thursday
6,2019-01-11,953,9,5,3,263,4,Friday
7,2019-01-14,650,6,5,0,264,0,Monday
8,2019-01-15,608,6,0,8,265,1,Tuesday
9,2019-01-16,704,7,0,4,266,2,Wednesday
10,2019-01-17,162,1,6,2,267,3,Thursday
11,2019-01-18,616,6,1,6,268,4,Friday
12,2019-01-21,702,7,0,2,269,0,Monday
13,2019-01-22,637,6,3,7,270,1,Tuesday
14,2019-01-23,249,2,4,9,271,2,Wednesday
15,2019-01-24,547,5,4,7,272,3,Thursday
16,2019-01-25,79,0,7,9,273,4,Friday
17,2019-01-28,647,6,4,7,274,0,Monday
18,2019-01-29,596,5,9,6,275,1,Tuesday
19,2019-01-30,603,6,0,3,276,2,Wednesday
20,2019-01-31,210,2,1,0,277,3,Thursday
21,2019-02-01,49,0,4,9,278,4,Friday
22,2019-02-04,766,7,6,6,279,0,Monday
23,2019-02-05,322,3,2,2,280,1,Tuesday
24,2019-02-06,660,6,6,0,281,2,Wednesday
25,2019-02-07,626,6,2,6,282,3,Thursday
26,2019-02-08,684,6,8,4,283,4,Friday
27,2019-02-11,77,0,7,7,284,0,Monday
28,2019-02-12,882,8,8,2,285,1,Tuesday
29,2019-02-13,87,0,8,7,286,2,Wednesday
30,2019-02-14,446,4,4,6,287,3,Thursday
31,2019-02-15,771,7,7,1,288,4,Friday
32,2019-02-18,878,8,7,8,289,0,Monday
33,2019-02-19,991,9,9,1,290,1,Tuesday
34,2019-02-20,956,9,5,6,291,2,Wednesday
35,2019-02-21,831,8,3,1,292,3,Thursday
36,2019-02-22,672,6,7,2,293,4,Friday
37,2019-02-25,661,6,6,1,294,0,Monday
38,2019-02-26,635,6,3,5,295,1,Tuesday
39,2019-02-27,663,6,6,3,296,2,Wednesday
40,2019-02-28,366,3,6,6,297,3,Thursday
41,2019-03-01,958,9,5,8,298,4,Friday
42,2019-03-04,123,1,2,3,299,0,Monday
43,2019-03-05,892,8,9,2,300,1,Tuesday
44,2019-03-06,637,6,3,7,301,2,Wednesday
45,2019-03-07,757,7,5,7,302,3,Thursday
46,2019-03-08,97,0,9,7,303,4,Friday
47,2019-03-11,302,3,0,2,304,0,Monday
48,2019-03-12,30,0,3,0,305,1,Tuesday
49,2019-03-13,413,4,1,3,306,2,Wednesday
50,2019-03-14,449,4,4,9,307,3,Thursday
51,2019-03-15,652,6,5,2,308,4,Friday
52,2019-03-18,631,6,3,1,309,0,Monday
53,2019-03-19,998,9,9,8,310,1,Tuesday
54,2019-03-20,431,4,3,1,311,2,Wednesday
55,2019-03-21,378,3,7,8,312,3,Thursday
56,2019-03-22,148,1,4,8,313,4,Friday
57,2019-03-25,887,8,8,7,314,0,Monday
58,2019-03-26,556,5,5,6,315,1,Tuesday
59,2019-03-27,247,2,4,7,316,2,Wednesday
60,2019-03-28,967,9,6,7,317,3,Thursday
61,2019-03-29,960,9,6,0,318,4,Friday
62,2019-04-01,373,3,7,3,319,0,Monday
63,2019-04-02,502,5,0,2,320,1,Tuesday
64,2019-04-03,942,9,4,2,321,2,Wednesday
65,2019-04-04,391,3,9,1,322,3,Thursday
66,2019-04-05,699,6,9,9,323,4,Friday
67,2019-04-08,169,1,6,9,324,0,Monday
68,2019-04-09,745,7,4,5,325,1,Tuesday
69,2019-04-10,511,5,1,1,326,2,Wednesday
70,2019-04-11,26,0,2,6,327,3,Thursday
71,2019-04-12,906,9,0,6,328,4,Friday
72,2019-04-15,167,1,6,7,329,0,Monday
73,2019-04-16,607,6,0,7,330,1,Tuesday
74,2019-04-17,765,7,6,5,331,2,Wednesday
75,2019-04-18,145,1,4,5,332,3,Thursday
76,2019-04-19,984,9,8,4,333,4,Friday
77,2019-04-22,764,7,6,4,334,0,Monday
78,2019-04-23,452,4,5,2,335,1,Tuesday
79,2019-04-24,152,1,5,2,336,2,Wednesday
80,2019-04-25,830,8,3,0,337,3,Thursday
81,2019-04-26,166,1,6,6,338,4,Friday
82,2019-04-29,746,7,4,6,339,0,Monday
83,2019-04-30,619,6,1,9,340,1,Tuesday
84,2019-05-01,335,3,3,5,341,2,Wednesday
85,2019-05-02,992,9,9,2,342,3,Thursday
86,2019-05-03,349,3,4,9,343,4,Friday
87,2019-05-06,265,2,6,5,344,0,Monday
88,2019-05-07,705,7,0,5,345,1,Tuesday
89,2019-05-08,451,4,5,1,346,2,Wednesday
90,2019-05-09,983,9,8,3,347,3,Thursday
91,2019-05-10,776,7,7,6,348,4,Friday
92,2019-05-13,482,4,8,2,349,0,Monday
93,2019-05-14,856,8,5,6,350,1,Tuesday
94,2019-05-15,314,3,1,4,351,2,Wednesday
95,2019-05-16,129,1,2,9,352,3,Thursday
96,2019-05-17,647,6,4,7,353,4,Friday
97,2019-05-20,25,0,2,5,354,0,Monday
98,2019-05-21,193,1,9,3,355,1,Tuesday
99,2019-05-22,522,5,2,2,356,2,Wednesday
100,2019-05-23,381,3,8,1,357,3,Thursday
101,2019-05-24,682,6,8,2,358,4,Friday
102,2019-05-27,718,7,1,8,359,0,Monday
103,2019-05-28,77,0,7,7,360,1,Tuesday
104,2019-05-29,779,7,7,9,361,2,Wednesday
105,2019-05-30,731,7,3,1,362,3,Thursday
106,2019-05-31,943,9,4,3,363,4,Friday
107,2019-06-03,383,3,8,3,364,0,Monday
108,2019-06-04,755,7,5,5,365,1,Tuesday
109,2019-06-05,342,3,4,2,366,2,Wednesday
110,2019-06-06,856,8,5,6,367,3,Thursday
111,2019-06-07,397,3,9,7,368,4,Friday
112,2019-06-10,814,8,1,4,369,0,Monday
113,2019-06-11,80,0,8,0,370,1,Tuesday
114,2019-06-12,246,2,4,6,371,2,Wednesday
115,2019-06-13,560,5,6,0,372,3,Thursday
116,2019-06-14,683,6,8,3,373,4,Friday
117,2019-06-17,226,2,2,6,374,0,Monday
118,2019-06-18,55,0,5,5,375,1,Tuesday
119,2019-06-19,377,3,7,7,376,2,Wednesday
120,2019-06-20,942,9,4,2,377,3,Thursday
121,2019-06-21,180,1,8,0,378,4,Friday
122,2019-06-24,11,0,1,1,379,0,Monday
123,2019-06-25,957,9,5,7,380,1,Tuesday
124,2019-06-26,720,7,2,0,381,2,Wednesday
125,2019-06-27,928,9,2,8,382,3,Thursday
126,2019-06-28,202,2,0,2,383,4,Friday
127,2019-07-01,937,9,3,7,384,0,Monday
128,2019-07-02,214,2,1,4,385,1,Tuesday
129,2019-07-03,297,2,9,7,386,2,Wednesday
130,2019-07-04,951,9,5,1,387,3,Thursday
131,2019-07-05,782,7,8,2,388,4,Friday
132,2019-07-08,458,4,5,8,389,0,Monday
133,2019-07-09,739,7,3,9,390,1,Tuesday
134,2019-07-10,763,7,6,3,391,2,Wednesday
135,2019-07-11,736,7,3,6,392,3,Thursday
136,2019-07-12,273,2,7,3,393,4,Friday
137,2019-07-15,47,0,4,7,394,0,Monday
138,2019-07-16,502,5,0,2,395,1,Tuesday
139,2019-07-17,42,0,4,2,396,2,Wednesday
140,2019-07-18,808,8,0,8,397,3,Thursday
141,2019-07-19,503,5,0,3,398,4,Friday
142,2019-07-22,60,0,6,0,399,0,Monday
143,2019-07-23,463,4,6,3,400,1,Tuesday
144,2019-07-24,799,7,9,9,401,2,Wednesday
145,2019-07-25,64,0,6,4,402,3,Thursday
146,2019-07-26,519,5,1,9,403,4,Friday
147,2019-07-29,477,4,7,7,404,0,Monday
148,2019-07-30,195,1,9,5,405,1,Tuesday
149,2019-07-31,980,9,8,0,406,2,Wednesday
150,2019-08-01,79,0,7,9,407,3,Thursday
151,2019-08-02,791,7,9,1,408,4,Friday
152,2019-08-05,687,6,8,7,409,0,Monday
153,2019-08-06,912,9,1,2,410,1,Tuesday
154,2019-08-07,975,9,7,5,411,2,Wednesday
155,2019-08-08,859,8,5,9,412,3,Thursday
156,2019-08-09,613,6,1,3,413,4,Friday
157,2019-08-12,596,5,9,6,414,0,Monday
158,2019-08-13,426,4,2,6,415,1,Tuesday
159,2019-08-14,882,8,8,2,416,2,Wednesday
160,2019-08-15,557,5,5,7,417,3,Thursday
161,2019-08-16,254,2,5,4,418,4,Friday
162,2019-08-19,9,0,0,9,419,0,Monday
163,2019-08-20,554,5,5,4,420,1,Tuesday
164,2019-08-21,430,4,3,0,421,2,Wednesday
165,2019-08-22,297,2,9,7,422,3,Thursday
166,2019-08-23,633,6,3,3,423,4,Friday
167,2019-08-26,848,8,4,8,424,0,Monday
168,2019-08-27,680,6,8,0,425,1,Tuesday
169,2019-08-28,246,2,4,6,426,2,Wednesday
170,2019-08-29,856,8,5,6,427,3,Thursday
171,2019-08-30,43,0,4,3,428,4,Friday
172,2019-09-02,971,9,7,1,429,0,Monday
173,2019-09-03,874,8,7,4,430,1,Tuesday
174,2019-09-04,12,0,1,2,431,2,Wednesday
175,2019-09-05,773,7,7,3,432,3,Thursday
176,2019-09-06,489,4,8,9,433,4,Friday
177,2019-09-09,32,0,3,2,434,0,Monday
178,2019-09-10,557,5,5,7,435,1,Tuesday
179,2019-09-11,169,1,6,9,436,2,Wednesday
180,2019-09-12,304,3,0,4,437,3,Thursday
181,2019-09-13,910,9,1,0,438,4,Friday
182,2019-09-16,133,1,3,3,439,0,Monday
183,2019-09-17,323,3,2,3,440,1,Tuesday
184,2019-09-18,786,7,8,6,441,2,Wednesday
185,2019-09-19,583,5,8,3,442,3,Thursday
186,2019-09-20,240,2,4,0,443,4,Friday
187,2019-09-23,825,8,2,5,444,0,Monday
188,2019-09-24,69,0,6,9,445,1,Tuesday
189,2019-09-25,665,6,6,5,446,2,Wednesday
190,2019-09-26,876,8,7,6,447,3,Thursday
191,2019-09-27,286,2,8,6,448,4,Friday
192,2019-09-30,766,7,6,6,449,0,Monday
193,2019-10-01,597,5,9,7,450,1,Tuesday
194,2019-10-02,715,7,1,5,451,2,Wednesday
195,2019-10-03,635,6,3,5,452,3,Thursday
196,2019-10-04,705,7,0,5,453,4,Friday
197,2019-10-07,902,9,0,2,454,0,Monday
198,2019-10-08,764,7,6,4,455,1,Tuesday
199,2019-10-09,361,3,6,1,456,2,Wednesday
200,2019-10-10,191,1,9,1,457,3,Thursday
201,2019-10-11,207,2,0,7,458,4,Friday
202,2019-10-14,163,1,6,3,459,0,Monday
203,2019-10-15,393,3,9,3,460,1,Tuesday
204,2019-10-16,984,9,8,4,461,2,Wednesday
205,2019-10-17,814,8,1,4,462,3,Thursday
206,2019-10-18,776,7,7,6,463,4,Friday
207,2019-10-21,808,8,0,8,464,0,Monday
208,2019-10-22,158,1,5,8,465,1,Tuesday
209,2019-10-23,822,8,2,2,466,2,Wednesday
210,2019-10-24,530,5,3,0,467,3,Thursday
211,2019-10-25,175,1,7,5,468,4,Friday
212,2019-10-28,762,7,6,2,469,0,Monday
213,2019-10-29,716,7,1,6,470,1,Tuesday
214,2019-10-30,920,9,2,0,471,2,Wednesday
215,2019-10-31,134,1,3,4,472,3,Thursday
216,2019-11-01,317,3,1,7,473,4,Friday
217,2019-11-04,465,4,6,5,474,0,Monday
218,2019-11-05,601,6,0,1,475,1,Tuesday
219,2019-11-06,219,2,1,9,476,2,Wednesday
220,2019-11-07,612,6,1,2,477,3,Thursday
221,2019-11-08,153,1,5,3,478,4,Friday
222,2019-11-11,544,5,4,4,479,0,Monday
223,2019-11-12,961,9,6,1,480,1,Tuesday
224,2019-11-13,828,8,2,8,481,2,Wednesday
225,2019-11-14,831,8,3,1,482,3,Thursday
226,2019-11-15,818,8,1,8,483,4,Friday
227,2019-11-18,275,2,7,5,484,0,Monday
228,2019-11-19,695,6,9,5,485,1,Tuesday
229,2019-11-20,363,3,6,3,486,2,Wednesday
230,2019-11-21,204,2,0,4,487,3,Thursday
231,2019-11-22,94,0,9,4,488,4,Friday
232,2019-11-25,962,9,6,2,489,0,Monday
233,2019-11-26,118,1,1,8,490,1,Tuesday
234,2019-11-27,565,5,6,5,491,2,Wednesday
235,2019-11-28,491,4,9,1,492,3,Thursday
236,2019-11-29,339,3,3,9,493,4,Friday
237,2019-12-02,448,4,4,8,494,0,Monday
238,2019-12-03,242,2,4,2,495,1,Tuesday
239,2019-12-04,895,8,9,5,496,2,Wednesday
240,2019-12-05,340,3,4,0,497,3,Thursday
241,2019-12-06,694,6,9,4,498,4,Friday
242,2019-12-09,869,8,6,9,499,0,Monday
243,2019-12-10,436,4,3,6,500,1,Tuesday
244,2019-12-11,247,2,4,7,501,2,Wednesday
245,2019-12-12,844,8,4,4,502,3,Thursday
246,2019-12-13,865,8,6,5,503,4,Friday
247,2019-12-16,491,4,9,1,504,0,Monday
248,2019-12-17,392,3,9,2,505,1,Tuesday
249,2019-12-18,626,6,2,6,506,2,Wednesday
250,2019-12-19,680,6,8,0,507,3,Thursday
251,2019-12-20,325,3,2,5,508,4,Friday
252,2019-12-23,349,3,4,9,509,0,Monday
253,2019-12-24,79,0,7,9,510,1,Tuesday
254,2019-12-25,113,1,1,3,511,2,Wednesday
255,2019-12-26,914,9,1,4,512,3,Thursday
256,2019-12-27,475,4,7,5,513,4,Friday
257,2019-12-30,721,7,2,1,514,0,Monday
1,2020-01-06,887,8,8,7,515,0,Monday
2,2020-01-07,109,1,0,9,516,1,Tuesday
3,2020-01-08,527,5,2,7,517,2,Wednesday
4,2020-01-09,409,4,0,9,518,3,Thursday
5,2020-01-10,785,7,8,5,519,4,Friday
6,2020-01-13,705,7,0,5,520,0,Monday
7,2020-01-14,428,4,2,8,521,1,Tuesday
8,2020-01-15,565,5,6,5,522,2,Wednesday
9,2020-01-16,592,5,9,2,523,3,Thursday
10,2020-01-17,626,6,2,6,524,4,Friday
11,2020-01-20,485,4,8,5,525,0,Monday
12,2020-01-21,69,0,6,9,526,1,Tuesday
13,2020-01-22,444,4,4,4,527,2,Wednesday
14,2020-01-23,366,3,6,6,528,3,Thursday
15,2020-01-24,629,6,2,9,529,4,Friday
16,2020-01-27,345,3,4,5,530,0,Monday
17,2020-01-28,2,0,0,2,531,1,Tuesday
18,2020-01-29,312,3,1,2,532,2,Wednesday
19,2020-01-30,472,4,7,2,533,3,Thursday
20,2020-01-31,436,4,3,6,534,4,Friday
21,2020-02-03,272,2,7,2,535,0,Monday
22,2020-02-04,514,5,1,4,536,1,Tuesday
23,2020-02-05,108,1,0,8,537,2,Wednesday
24,2020-02-06,577,5,7,7,538,3,Thursday
25,2020-02-07,433,4,3,3,539,4,Friday
26,2020-02-10,516,5,1,6,540,0,Monday
27,2020-02-11,720,7,2,0,541,1,Tuesday
28,2020-02-12,503,5,0,3,542,2,Wednesday
29,2020-02-13,123,1,2,3,543,3,Thursday
30,2020-02-14,6,0,0,6,544,4,Friday
31,2020-02-17,5,0,0,5,545,0,Monday
32,2020-02-18,386,3,8,6,546,1,Tuesday
33,2020-02-19,461,4,6,1,547,2,Wednesday
34,2020-02-20,518,5,1,8,548,3,Thursday
35,2020-02-21,206,2,0,6,549,4,Friday
36,2020-02-24,996,9,9,6,550,0,Monday
37,2020-02-25,445,4,4,5,551,1,Tuesday
38,2020-02-26,528,5,2,8,552,2,Wednesday
39,2020-02-27,907,9,0,7,553,3,Thursday
40,2020-02-28,780,7,8,0,554,4,Friday
41,2020-03-02,843,8,4,3,555,0,Monday
42,2020-03-03,178,1,7,8,556,1,Tuesday
43,2020-03-04,452,4,5,2,557,2,Wednesday
44,2020-03-05,73,0,7,3,558,3,Thursday
45,2020-03-06,162,1,6,2,559,4,Friday
46,2020-03-09,921,9,2,1,560,0,Monday
47,2020-03-10,372,3,7,2,561,1,Tuesday
48,2020-03-11,168,1,6,8,562,2,Wednesday
49,2020-03-12,233,2,3,3,563,3,Thursday
50,2020-03-13,504,5,0,4,564,4,Friday
51,2020-03-16,983,9,8,3,565,0,Monday
52,2020-03-17,679,6,7,9,566,1,Tuesday
53,2020-03-18,738,7,3,8,567,2,Wednesday
54,2020-03-19,376,3,7,6,568,3,Thursday
55,2020-03-20,397,3,9,7,569,4,Friday
56,2020-03-23,63,0,6,3,570,0,Monday
57,2020-03-24,477,4,7,7,571,1,Tuesday
58,2020-03-25,509,5,0,9,572,2,Wednesday
59,2020-03-26,930,9,3,0,573,3,Thursday
60,2020-03-27,938,9,3,8,574,4,Friday
61,2020-03-30,574,5,7,4,575,0,Monday
62,2020-03-31,724,7,2,4,576,1,Tuesday
63,2020-04-01,176,1,7,6,577,2,Wednesday
64,2020-04-02,10,0,1,0,578,3,Thursday
65,2020-04-03,802,8,0,2,579,4,Friday
66,2020-04-06,602,6,0,2,580,0,Monday
67,2020-04-07,221,2,2,1,581,1,Tuesday
68,2020-04-08,925,9,2,5,582,2,Wednesday
69,2020-04-09,505,5,0,5,583,3,Thursday
70,2020-04-10,182,1,8,2,584,4,Friday
71,2020-04-13,684,6,8,4,585,0,Monday
72,2020-04-14,909,9,0,9,586,1,Tuesday
73,2020-04-15,962,9,6,2,587,2,Wednesday
74,2020-04-16,10,0,1,0,588,3,Thursday
75,2020-04-17,391,3,9,1,589,4,Friday
76,2020-04-20,950,9,5,0,590,0,Monday
77,2020-04-21,889,8,8,9,591,1,Tuesday
78,2020-04-22,489,4,8,9,592,2,Wednesday
79,2020-04-23,804,8,0,4,593,3,Thursday
80,2020-04-24,654,6,5,4,594,4,Friday
81,2020-04-27,867,8,6,7,595,0,Monday
82,2020-04-28,843,8,4,3,596,1,Tuesday
83,2020-04-29,457,4,5,7,597,2,Wednesday
84,2020-04-30,54,0,5,4,598,3,Thursday
85,2020-05-01,815,8,1,5,599,4,Friday
86,2020-05-04,534,5,3,4,600,0,Monday
87,2020-05-05,809,8,0,9,601,1,Tuesday
88,2020-05-06,348,3,4,8,602,2,Wednesday
89,2020-05-07,33,0,3,3,603,3,Thursday
90,2020-05-08,278,2,7,8,604,4,Friday
91,2020-05-11,837,8,3,7,605,0,Monday
92,2020-05-12,996,9,9,6,606,1,Tuesday
93,2020-05-13,860,8,6,0,607,2,Wednesday
94,2020-05-14,700,7,0,0,608,3,Thursday
95,2020-05-15,325,3,2,5,609,4,Friday
96,2020-05-18,803,8,0,3,610,0,Monday
97,2020-05-19,162,1,6,2,611,1,Tuesday
98,2020-05-20,729,7,2,9,612,2,Wednesday
99,2020-05-21,684,6,8,4,613,3,Thursday
100,2020-05-22,406,4,0,6,614,4,Friday
101,2020-05-25,663,6,6,3,615,0,Monday
102,2020-05-26,178,1,7,8,616,1,Tuesday
103,2020-05-27,551,5,5,1,617,2,Wednesday
104,2020-05-28,343,3,4,3,618,3,Thursday
105,2020-05-29,892,8,9,2,619,4,Friday
106,2020-06-01,536,5,3,6,620,0,Monday
107,2020-06-02,202,2,0,2,621,1,Tuesday
108,2020-06-03,697,6,9,7,622,2,Wednesday
109,2020-06-04,432,4,3,2,623,3,Thursday
110,2020-06-05,863,8,6,3,624,4,Friday
111,2020-06-08,507,5,0,7,625,0,Monday
112,2020-06-09,744,7,4,4,626,1,Tuesday
113,2020-06-10,774,7,7,4,627,2,Wednesday
114,2020-06-11,383,3,8,3,628,3,Thursday
115,2020-06-12,78,0,7,8,629,4,Friday
116,2020-06-15,712,7,1,2,630,0,Monday
117,2020-06-16,826,8,2,6,631,1,Tuesday
118,2020-06-17,153,1,5,3,632,2,Wednesday
119,2020-06-18,365,3,6,5,633,3,Thursday
120,2020-06-19,734,7,3,4,634,4,Friday
121,2020-06-22,197,1,9,7,635,0,Monday
122,2020-06-23,988,9,8,8,636,1,Tuesday
123,2020-06-24,550,5,5,0,637,2,Wednesday
124,2020-06-25,981,9,8,1,638,3,Thursday
125,2020-06-26,709,7,0,9,639,4,Friday
126,2020-06-29,801,8,0,1,640,0,Monday
127,2020-06-30,245,2,4,5,641,1,Tuesday
128,2020-07-01,358,3,5,8,642,2,Wednesday
129,2020-07-02,510,5,1,0,643,3,Thursday
130,2020-07-03,464,4,6,4,644,4,Friday
131,2020-07-06,337,3,3,7,645,0,Monday
132,2020-07-07,112,1,1,2,646,1,Tuesday
133,2020-07-08,24,0,2,4,647,2,Wednesday
134,2020-07-09,339,3,3,9,648,3,Thursday
135,2020-07-10,937,9,3,7,649,4,Friday
136,2020-07-13,182,1,8,2,650,0,Monday
137,2020-07-14,738,7,3,8,651,1,Tuesday
138,2020-07-15,697,6,9,7,652,2,Wednesday
139,2020-07-16,699,6,9,9,653,3,Thursday
140,2020-07-17,613,6,1,3,654,4,Friday
141,2020-07-20,350,3,5,0,655,0,Monday
142,2020-07-21,378,3,7,8,656,1,Tuesday
143,2020-07-22,637,6,3,7,657,2,Wednesday
144,2020-07-23,97,0,9,7,658,3,Thursday
145,2020-07-24,224,2,2,4,659,4,Friday
146,2020-07-27,495,4,9,5,660,0,Monday
147,2020-07-28,8,0,0,8,661,1,Tuesday
148,2020-07-29,902,9,0,2,662,2,Wednesday
149,2020-07-30,555,5,5,5,663,3,Thursday
150,2020-07-31,130,1,3,0,664,4,Friday
151,2020-08-03,9,0,0,9,665,0,Monday
152,2020-08-04,113,1,1,3,666,1,Tuesday
153,2020-08-05,229,2,2,9,667,2,Wednesday
154,2020-08-06,796,7,9,6,668,3,Thursday
155,2020-08-07,332,3,3,2,669,4,Friday
156,2020-08-10,681,6,8,1,670,0,Monday
157,2020-08-11,871,8,7,1,671,1,Tuesday
158,2020-08-12,640,6,4,0,672,2,Wednesday
159,2020-08-13,998,9,9,8,673,3,Thursday
160,2020-08-14,132,1,3,2,674,4,Friday
161,2020-08-17,946,9,4,6,675,0,Monday
162,2020-08-18,858,8,5,8,676,1,Tuesday
163,2020-08-19,884,8,8,4,677,2,Wednesday
164,2020-08-20,611,6,1,1,678,3,Thursday
165,2020-08-21,529,5,2,9,679,4,Friday
166,2020-08-24,317,3,1,7,680,0,Monday
167,2020-08-25,226,2,2,6,681,1,Tuesday
168,2020-08-26,687,6,8,7,682,2,Wednesday
169,2020-08-27,267,2,6,7,683,3,Thursday
170,2020-08-28,930,9,3,0,684,4,Friday
171,2020-08-31,443,4,4,3,685,0,Monday
172,2020-09-01,838,8,3,8,686,1,Tuesday
173,2020-09-02,995,9,9,5,687,2,Wednesday
174,2020-09-03,716,7,1,6,688,3,Thursday
175,2020-09-04,445,4,4,5,689,4,Friday
176,2020-09-07,793,7,9,3,690,0,Monday
177,2020-09-08,948,9,4,8,691,1,Tuesday
178,2020-09-09,461,4,6,1,692,2,Wednesday
179,2020-09-10,899,8,9,9,693,3,Thursday
180,2020-09-11,195,1,9,5,694,4,Friday
181,2020-09-14,46,0,4,6,695,0,Monday
182,2020-09-15,848,8,4,8,696,1,Tuesday
183,2020-09-16,927,9,2,7,697,2,Wednesday
184,2020-09-17,376,3,7,6,698,3,Thursday
185,2020-09-18,432,4,3,2,699,4,Friday
186,2020-09-21,240,2,4,0,700,0,Monday
187,2020-09-22,208,2,0,8,701,1,Tuesday
188,2020-09-23,365,3,6,5,702,2,Wednesday
189,2020-09-24,660,6,6,0,703,3,Thursday
190,2020-09-25,40,0,4,0,704,4,Friday
191,2020-09-28,932,9,3,2,705,0,Monday
192,2020-09-29,969,9,6,9,706,1,Tuesday
193,2020-09-30,130,1,3,0,707,2,Wednesday
194,2020-10-01,659,6,5,9,708,3,Thursday
195,2020-10-02,40,0,4,0,709,4,Friday
196,2020-10-05,160,1,6,0,710,0,Monday
197,2020-10-06,472,4,7,2,711,1,Tuesday
198,2020-10-07,944,9,4,4,712,2,Wednesday
199,2020-10-08,277,2,7,7,713,3,Thursday
200,2020-10-09,820,8,2,0,714,4,Friday
201,2020-10-12,979,9,7,9,715,0,Monday
202,2020-10-13,300,3,0,0,716,1,Tuesday
203,2020-10-14,424,4,2,4,717,2,Wednesday
204,2020-10-15,650,6,5,0,718,3,Thursday
205,2020-10-16,680,6,8,0,719,4,Friday
206,2020-10-19,829,8,2,9,720,0,Monday
207,2020-10-20,963,9,6,3,721,1,Tuesday
208,2020-10-21,777,7,7,7,722,2,Wednesday
209,2020-10-22,118,1,1,8,723,3,Thursday
210,2020-10-23,846,8,4,6,724,4,Friday
211,2020-10-26,937,9,3,7,725,0,Monday
212,2020-10-27,129,1,2,9,726,1,Tuesday
213,2020-10-28,862,8,6,2,727,2,Wednesday
214,2020-10-29,481,4,8,1,728,3,Thursday
215,2020-10-30,458,4,5,8,729,4,Friday
216,2020-11-02,761,7,6,1,730,0,Monday
217,2020-11-03,210,2,1,0,731,1,Tuesday
218,2020-11-04,322,3,2,2,732,2,Wednesday
219,2020-11-05,993,9,9,3,733,3,Thursday
220,2020-11-06,415,4,1,5,734,4,Friday
221,2020-11-09,174,1,7,4,735,0,Monday
222,2020-11-10,242,2,4,2,736,1,Tuesday
223,2020-11-11,287,2,8,7,737,2,Wednesday
224,2020-11-12,475,4,7,5,738,3,Thursday
225,2020-11-13,922,9,2,2,739,4,Friday
226,2020-11-16,842,8,4,2,740,0,Monday
227,2020-11-17,136,1,3,6,741,1,Tuesday
228,2020-11-18,346,3,4,6,742,2,Wednesday
229,2020-11-19,0,0,0,0,743,3,Thursday
230,2020-11-20,321,3,2,1,744,4,Friday
231,2020-11-23,14,0,1,4,745,0,Monday
232,2020-11-24,998,9,9,8,746,1,Tuesday
233,2020-11-25,945,9,4,5,747,2,Wednesday
234,2020-11-26,171,1,7,1,748,3,Thursday
235,2020-11-27,282,2,8,2,749,4,Friday
236,2020-11-30,571,5,7,1,750,0,Monday
237,2020-12-01,659,6,5,9,751,1,Tuesday
238,2020-12-02,729,7,2,9,752,2,Wednesday
239,2020-12-03,275,2,7,5,753,3,Thursday
240,2020-12-04,201,2,0,1,754,4,Friday
241,2020-12-07,314,3,1,4,755,0,Monday
242,2020-12-08,898,8,9,8,756,1,Tuesday
243,2020-12-09,693,6,9,3,757,2,Wednesday
244,2020-12-10,823,8,2,3,758,3,Thursday
245,2020-12-11,831,8,3,1,759,4,Friday
246,2020-12-14,688,6,8,8,760,0,Monday
247,2020-12-15,377,3,7,7,761,1,Tuesday
248,2020-12-16,364,3,6,4,762,2,Wednesday
249,2020-12-17,711,7,1,1,763,3,Thursday
250,2020-12-18,17,0,1,7,764,4,Friday
251,2020-12-21,421,4,2,1,765,0,Monday
252,2020-12-22,689,6,8,9,766,1,Tuesday
253,2020-12-23,485,4,8,5,767,2,Wednesday
254,2020-12-24,316,3,1,6,768,3,Thursday
255,2020-12-25,588,5,8,8,769,4,Friday
256,2020-12-28,925,9,2,5,770,0,Monday
257,2020-12-29,439,4,3,9,771,1,Tuesday
258,2020-12-30,13,0,1,3,772,2,Wednesday
1,2021-01-04,489,4,8,9,773,0,Monday
2,2021-01-05,715,7,1,5,774,1,Tuesday
3,2021-01-06,325,3,2,5,775,2,Wednesday
4,2021-01-07,762,7,6,2,776,3,Thursday
5,2021-01-08,229,2,2,9,777,4,Friday
6,2021-01-11,51,0,5,1,778,0,Monday
7,2021-01-12,197,1,9,7,779,1,Tuesday
8,2021-01-13,517,5,1,7,780,2,Wednesday
9,2021-01-14,53,0,5,3,781,3,Thursday
10,2021-01-15,740,7,4,0,782,4,Friday
11,2021-01-18,240,2,4,0,783,0,Monday
12,2021-01-19,355,3,5,5,784,1,Tuesday
13,2021-01-20,294,2,9,4,785,2,Wednesday
14,2021-01-21,923,9,2,3,786,3,Thursday
15,2021-01-22,635,6,3,5,787,4,Friday
16,2021-01-25,196,1,9,6,788,0,Monday
17,2021-01-26,240,2,4,0,789,1,Tuesday
18,2021-01-27,602,6,0,2,790,2,Wednesday
19,2021-01-28,951,9,5,1,791,3,Thursday
20,2021-01-29,698,6,9,8,792,4,Friday
21,2021-02-01,514,5,1,4,793,0,Monday
22,2021-02-02,509,5,0,9,794,1,Tuesday
23,2021-02-03,398,3,9,8,795,2,Wednesday
24,2021-02-04,704,7,0,4,796,3,Thursday
25,2021-02-05,281,2,8,1,797,4,Friday
26,2021-02-08,357,3,5,7,798,0,Monday
27,2021-02-09,486,4,8,6,799,1,Tuesday
28,2021-02-10,843,8,4,3,800,2,Wednesday
29,2021-02-11,641,6,4,1,801,3,Thursday
30,2021-02-12,0,0,0,0,802,4,Friday
31,2021-02-15,744,7,4,4,803,0,Monday
32,2021-02-16,785,7,8,5,804,1,Tuesday
33,2021-02-17,3,0,0,3,805,2,Wednesday
34,2021-02-18,912,9,1,2,806,3,Thursday
35,2021-02-19,154,1,5,4,807,4,Friday
36,2021-02-22,179,1,7,9,808,0,Monday
37,2021-02-23,862,8,6,2,809,1,Tuesday
38,2021-02-24,385,3,8,5,810,2,Wednesday
39,2021-02-25,997,9,9,7,811,3,Thursday
40,2021-02-26,298,2,9,8,812,4,Friday
41,2021-03-01,246,2,4,6,813,0,Monday
42,2021-03-02,934,9,3,4,814,1,Tuesday
43,2021-03-03,291,2,9,1,815,2,Wednesday
44,2021-03-04,931,9,3,1,816,3,Thursday
45,2021-03-05,831,8,3,1,817,4,Friday
46,2021-03-08,97,0,9,7,818,0,Monday
47,2021-03-09,807,8,0,7,819,1,Tuesday
48,2021-03-10,566,5,6,6,820,2,Wednesday
49,2021-03-11,767,7,6,7,821,3,Thursday
50,2021-03-12,759,7,5,9,822,4,Friday
51,2021-03-15,351,3,5,1,823,0,Monday
52,2021-03-16,642,6,4,2,824,1,Tuesday
53,2021-03-17,881,8,8,1,825,2,Wednesday
54,2021-03-18,347,3,4,7,826,3,Thursday
55,2021-03-19,989,9,8,9,827,4,Friday
56,2021-03-22,48,0,4,8,828,0,Monday
57,2021-03-23,369,3,6,9,829,1,Tuesday
58,2021-03-24,876,8,7,6,830,2,Wednesday
59,2021-03-25,548,5,4,8,831,3,Thursday
60,2021-03-26,20,0,2,0,832,4,Friday
61,2021-03-29,574,5,7,4,833,0,Monday
62,2021-03-30,526,5,2,6,834,1,Tuesday
63,2021-03-31,985,9,8,5,835,2,Wednesday
64,2021-04-01,655,6,5,5,836,3,Thursday
65,2021-04-02,933,9,3,3,837,4,Friday
66,2021-04-05,415,4,1,5,838,0,Monday
67,2021-04-06,53,0,5,3,839,1,Tuesday
68,2021-04-07,742,7,4,2,840,2,Wednesday
69,2021-04-08,611,6,1,1,841,3,Thursday
70,2021-04-09,684,6,8,4,842,4,Friday
71,2021-04-12,178,1,7,8,843,0,Monday
72,2021-04-13,136,1,3,6,844,1,Tuesday
73,2021-04-14,680,6,8,0,845,2,Wednesday
74,2021-04-15,16,0,1,6,846,3,Thursday
75,2021-04-16,623,6,2,3,847,4,Friday
76,2021-04-19,750,7,5,0,848,0,Monday
77,2021-04-20,526,5,2,6,849,1,Tuesday
78,2021-04-21,258,2,5,8,850,2,Wednesday
79,2021-04-22,148,1,4,8,851,3,Thursday
80,2021-04-23,762,7,6,2,852,4,Friday
81,2021-04-26,109,1,0,9,853,0,Monday
82,2021-04-27,53,0,5,3,854,1,Tuesday
83,2021-04-28,537,5,3,7,855,2,Wednesday
84,2021-04-29,755,7,5,5,856,3,Thursday
85,2021-04-30,50,0,5,0,857,4,Friday
86,2021-05-03,971,9,7,1,858,0,Monday
87,2021-05-04,465,4,6,5,859,1,Tuesday
88,2021-05-05,782,7,8,2,860,2,Wednesday
89,2021-05-06,475,4,7,5,861,3,Thursday
90,2021-05-07,68,0,6,8,862,4,Friday
91,2021-05-10,860,8,6,0,863,0,Monday
92,2021-05-11,753,7,5,3,864,1,Tuesday
93,2021-05-12,265,2,6,5,865,2,Wednesday
94,2021-05-13,958,9,5,8,866,3,Thursday
95,2021-05-14,863,8,6,3,867,4,Friday
96,2021-05-17,615,6,1,5,868,0,Monday
97,2021-05-18,270,2,7,0,869,1,Tuesday
98,2021-05-19,855,8,5,5,870,2,Wednesday
99,2021-05-20,130,1,3,0,871,3,Thursday
100,2021-05-21,151,1,5,1,872,4,Friday
101,2021-05-24,52,0,5,2,873,0,Monday
102,2021-05-25,369,3,6,9,874,1,Tuesday
103,2021-05-26,576,5,7,6,875,2,Wednesday
104,2021-05-27,635,6,3,5,876,3,Thursday
105,2021-05-28,282,2,8,2,877,4,Friday
106,2021-05-31,493,4,9,3,878,0,Monday
107,2021-06-01,117,1,1,7,879,1,Tuesday
108,2021-06-02,948,9,4,8,880,2,Wednesday
109,2021-06-03,633,6,3,3,881,3,Thursday
110,2021-06-04,227,2,2,7,882,4,Friday
111,2021-06-07,118,1,1,8,883,0,Monday
112,2021-06-08,841,8,4,1,884,1,Tuesday
113,2021-06-09,736,7,3,6,885,2,Wednesday
114,2021-06-10,746,7,4,6,886,3,Thursday
115,2021-06-11,695,6,9,5,887,4,Friday
116,2021-06-14,901,9,0,1,888,0,Monday
117,2021-06-15,108,1,0,8,889,1,Tuesday
118,2021-06-16,553,5,5,3,890,2,Wednesday
119,2021-06-17,89,0,8,9,891,3,Thursday
120,2021-06-18,752,7,5,2,892,4,Friday
121,2021-06-21,367,3,6,7,893,0,Monday
122,2021-06-22,400,4,0,0,894,1,Tuesday
123,2021-06-23,836,8,3,6,895,2,Wednesday
124,2021-06-24,153,1,5,3,896,3,Thursday
125,2021-06-25,93,0,9,3,897,4,Friday
126,2021-06-28,479,4,7,9,898,0,Monday
127,2021-06-29,736,7,3,6,899,1,Tuesday
128,2021-06-30,389,3,8,9,900,2,Wednesday
129,2021-07-01,472,4,7,2,901,3,Thursday
130,2021-07-02,759,7,5,9,902,4,Friday
131,2021-07-05,591,5,9,1,903,0,Monday
132,2021-07-06,641,6,4,1,904,1,Tuesday
133,2021-07-07,888,8,8,8,905,2,Wednesday
134,2021-07-08,758,7,5,8,906,3,Thursday
135,2021-07-09,292,2,9,2,907,4,Friday
136,2021-07-12,768,7,6,8,908,0,Monday
137,2021-07-13,293,2,9,3,909,1,Tuesday
138,2021-07-14,740,7,4,0,910,2,Wednesday
139,2021-07-15,920,9,2,0,911,3,Thursday
140,2021-07-16,90,0,9,0,912,4,Friday
141,2021-07-19,415,4,1,5,913,0,Monday
142,2021-07-20,900,9,0,0,914,1,Tuesday
143,2021-07-21,803,8,0,3,915,2,Wednesday
144,2021-07-22,764,7,6,4,916,3,Thursday
145,2021-07-23,378,3,7,8,917,4,Friday
146,2021-07-26,388,3,8,8,918,0,Monday
147,2021-07-27,556,5,5,6,919,1,Tuesday
148,2021-07-28,614,6,1,4,920,2,Wednesday
149,2021-07-29,764,7,6,4,921,3,Thursday
150,2021-07-30,704,7,0,4,922,4,Friday
151,2021-08-02,239,2,3,9,923,0,Monday
152,2021-08-03,240,2,4,0,924,1,Tuesday
153,2021-08-04,696,6,9,6,925,2,Wednesday
154,2021-08-05,345,3,4,5,926,3,Thursday
155,2021-08-06,163,1,6,3,927,4,Friday
156,2021-08-09,419,4,1,9,928,0,Monday
157,2021-08-10,599,5,9,9,929,1,Tuesday
158,2021-08-11,261,2,6,1,930,2,Wednesday
159,2021-08-12,745,7,4,5,931,3,Thursday
160,2021-08-13,707,7,0,7,932,4,Friday
161,2021-08-16,746,7,4,6,933,0,Monday
162,2021-08-17,630,6,3,0,934,1,Tuesday
163,2021-08-18,144,1,4,4,935,2,Wednesday
164,2021-08-19,34,0,3,4,936,3,Thursday
165,2021-08-20,862,8,6,2,937,4,Friday
166,2021-08-23,128,1,2,8,938,0,Monday
167,2021-08-24,841,8,4,1,939,1,Tuesday
168,2021-08-25,760,7,6,0,940,2,Wednesday
169,2021-08-26,987,9,8,7,941,3,Thursday
170,2021-08-27,413,4,1,3,942,4,Friday
171,2021-08-30,412,4,1,2,943,0,Monday
172,2021-08-31,335,3,3,5,944,1,Tuesday
173,2021-09-01,502,5,0,2,945,2,Wednesday
174,2021-09-02,933,9,3,3,946,3,Thursday
175,2021-09-03,99,0,9,9,947,4,Friday
176,2021-09-06,595,5,9,5,948,0,Monday
177,2021-09-07,59,0,5,9,949,1,Tuesday
178,2021-09-08,547,5,4,7,950,2,Wednesday
179,2021-09-09,916,9,1,6,951,3,Thursday
180,2021-09-10,931,9,3,1,952,4,Friday
181,2021-09-13,40,0,4,0,953,0,Monday
182,2021-09-14,468,4,6,8,954,1,Tuesday
183,2021-09-15,32,0,3,2,955,2,Wednesday
184,2021-09-16,662,6,6,2,956,3,Thursday
185,2021-09-17,714,7,1,4,957,4,Friday
186,2021-09-20,723,7,2,3,958,0,Monday
187,2021-09-21,114,1,1,4,959,1,Tuesday
188,2021-09-22,708,7,0,8,960,2,Wednesday
189,2021-09-23,975,9,7,5,961,3,Thursday
190,2021-09-24,262,2,6,2,962,4,Friday
191,2021-09-27,275,2,7,5,963,0,Monday
192,2021-09-28,226,2,2,6,964,1,Tuesday
193,2021-09-29,610,6,1,0,965,2,Wednesday
194,2021-09-30,606,6,0,6,966,3,Thursday
195,2021-10-01,910,9,1,0,967,4,Friday
196,2021-10-04,876,8,7,6,968,0,Monday
197,2021-10-05,33,0,3,3,969,1,Tuesday
198,2021-10-06,649,6,4,9,970,2,Wednesday
199,2021-10-07,716,7,1,6,971,3,Thursday
200,2021-10-08,71,0,7,1,972,4,Friday
201,2021-10-11,473,4,7,3,973,0,Monday
202,2021-10-12,461,4,6,1,974,1,Tuesday
203,2021-10-13,642,6,4,2,975,2,Wednesday
204,2021-10-14,19,0,1,9,976,3,Thursday
205,2021-10-15,968,9,6,8,977,4,Friday
206,2021-10-18,527,5,2,7,978,0,Monday
207,2021-10-19,491,4,9,1,979,1,Tuesday
208,2021-10-20,353,3,5,3,980,2,Wednesday
209,2021-10-21,722,7,2,2,981,3,Thursday
210,2021-10-22,426,4,2,6,982,4,Friday
211,2021-10-25,970,9,7,0,983,0,Monday
212,2021-10-26,495,4,9,5,984,1,Tuesday
213,2021-10-27,488,4,8,8,985,2,Wednesday
214,2021-10-28,187,1,8,7,986,3,Thursday
215,2021-10-29,236,2,3,6,987,4,Friday
216,2021-11-01,42,0,4,2,988,0,Monday
217,2021-11-02,265,2,6,5,989,1,Tuesday
218,2021-11-03,188,1,8,8,990,2,Wednesday
219,2021-11-04,63,0,6,3,991,3,Thursday
220,2021-11-05,169,1,6,9,992,4,Friday
221,2021-11-08,576,5,7,6,993,0,Monday
222,2021-11-09,24,0,2,4,994,1,Tuesday
223,2021-11-10,905,9,0,5,995,2,Wednesday
224,2021-11-11,748,7,4,8,996,3,Thursday
225,2021-11-12,635,6,3,5,997,4,Friday
226,2021-11-15,245,2,4,5,998,0,Monday
227,2021-11-16,313,3,1,3,999,1,Tuesday
228,2021-11-17,967,9,6,7,1000,2,Wednesday
229,2021-11-18,802,8,0,2,1001,3,Thursday
230,2021-11-19,571,5,7,1,1002,4,Friday
231,2021-11-22,363,3,6,3,1003,0,Monday
232,2021-11-23,549,5,4,9,1004,1,Tuesday
233,2021-11-24,448,4,4,8,1005,2,Wednesday
234,2021-11-25,357,3,5,7,1006,3,Thursday
235,2021-11-26,931,9,3,1,1007,4,Friday
236,2021-11-29,935,9,3,5,1008,0,Monday
237,2021-11-30,840,8,4,0,1009,1,Tuesday
238,2021-12-01,126,1,2,6,1010,2,Wednesday
239,2021-12-02,398,3,9,8,1011,3,Thursday
240,2021-12-03,856,8,5,6,1012,4,Friday
241,2021-12-06,75,0,7,5,1013,0,Monday
242,2021-12-07,871,8,7,1,1014,1,Tuesday
243,2021-12-08,570,5,7,0,1015,2,Wednesday
244,2021-12-09,398,3,9,8,1016,3,Thursday
245,2021-12-10,540,5,4,0,1017,4,Friday
246,2021-12-13,418,4,1,8,1018,0,Monday
247,2021-12-14,702,7,0,2,1019,1,Tuesday
248,2021-12-15,728,7,2,8,1020,2,Wednesday
249,2021-12-16,74,0,7,4,1021,3,Thursday
250,2021-12-17,50,0,5,0,1022,4,Friday
251,2021-12-20,245,2,4,5,1023,0,Monday
252,2021-12-21,858,8,5,8,1024,1,Tuesday
253,2021-12-22,365,3,6,5,1025,2,Wednesday
254,2021-12-23,486,4,8,6,1026,3,Thursday
255,2021-12-24,69,0,6,9,1027,4,Friday
256,2021-12-27,692,6,9,2,1028,0,Monday
257,2021-12-28,553,5,5,3,1029,1,Tuesday
258,2021-12-29,737,7,3,7,1030,2,Wednesday
259,2021-12-30,131,1,3,1,1031,3,Thursday
1,2022-01-04,394,3,9,4,1032,1,Tuesday
2,2022-01-05,917,9,1,7,1033,2,Wednesday
3,2022-01-06,201,2,0,1,1034,3,Thursday
4,2022-01-07,698,6,9,8,1035,4,Friday
5,2022-01-10,758,7,5,8,1036,0,Monday
6,2022-01-11,906,9,0,6,1037,1,Tuesday
7,2022-01-12,372,3,7,2,1038,2,Wednesday
8,2022-01-13,387,3,8,7,1039,3,Thursday
9,2022-01-14,946,9,4,6,1040,4,Friday
10,2022-01-17,529,5,2,9,1041,0,Monday
11,2022-01-18,118,1,1,8,1042,1,Tuesday
12,2022-01-19,330,3,3,0,1043,2,Wednesday
13,2022-01-20,739,7,3,9,1044,3,Thursday
14,2022-01-21,597,5,9,7,1045,4,Friday
15,2022-01-24,207,2,0,7,1046,0,Monday
16,2022-01-25,607,6,0,7,1047,1,Tuesday
17,2022-01-26,988,9,8,8,1048,2,Wednesday
18,2022-01-27,995,9,9,5,1049,3,Thursday
19,2022-01-28,355,3,5,5,1050,4,Friday
20,2022-01-31,125,1,2,5,1051,0,Monday
21,2022-02-01,372,3,7,2,1052,1,Tuesday
22,2022-02-02,160,1,6,0,1053,2,Wednesday
23,2022-02-03,839,8,3,9,1054,3,Thursday
24,2022-02-04,94,0,9,4,1055,4,Friday
25,2022-02-07,138,1,3,8,1056,0,Monday
26,2022-02-08,355,3,5,5,1057,1,Tuesday
27,2022-02-09,8,0,0,8,1058,2,Wednesday
28,2022-02-10,577,5,7,7,1059,3,Thursday
29,2022-02-11,888,8,8,8,1060,4,Friday
30,2022-02-14,973,9,7,3,1061,0,Monday
31,2022-02-15,280,2,8,0,1062,1,Tuesday
32,2022-02-16,494,4,9,4,1063,2,Wednesday
33,2022-02-17,719,7,1,9,1064,3,Thursday
34,2022-02-18,98,0,9,8,1065,4,Friday
35,2022-02-21,991,9,9,1,1066,0,Monday
36,2022-02-22,481,4,8,1,1067,1,Tuesday
37,2022-02-23,520,5,2,0,1068,2,Wednesday
38,2022-02-24,811,8,1,1,1069,3,Thursday
39,2022-02-25,951,9,5,1,1070,4,Friday
40,2022-02-28,358,3,5,8,1071,0,Monday
41,2022-03-01,463,4,6,3,1072,1,Tuesday
42,2022-03-02,735,7,3,5,1073,2,Wednesday
43,2022-03-03,907,9,0,7,1074,3,Thursday
44,2022-03-04,432,4,3,2,1075,4,Friday
45,2022-03-07,493,4,9,3,1076,0,Monday
46,2022-03-08,348,3,4,8,1077,1,Tuesday
47,2022-03-09,516,5,1,6,1078,2,Wednesday
48,2022-03-10,920,9,2,0,1079,3,Thursday
49,2022-03-11,790,7,9,0,1080,4,Friday
50,2022-03-14,552,5,5,2,1081,0,Monday
51,2022-03-15,805,8,0,5,1082,1,Tuesday
52,2022-03-16,567,5,6,7,1083,2,Wednesday
53,2022-03-17,798,7,9,8,1084,3,Thursday
54,2022-03-18,529,5,2,9,1085,4,Friday
55,2022-03-21,133,1,3,3,1086,0,Monday
56,2022-03-22,428,4,2,8,1087,1,Tuesday
57,2022-03-23,28,0,2,8,1088,2,Wednesday
58,2022-03-24,959,9,5,9,1089,3,Thursday
59,2022-03-25,928,9,2,8,1090,4,Friday
60,2022-03-28,943,9,4,3,1091,0,Monday
61,2022-03-29,515,5,1,5,1092,1,Tuesday
62,2022-03-30,522,5,2,2,1093,2,Wednesday
63,2022-03-31,733,7,3,3,1094,3,Thursday
64,2022-04-01,194,1,9,4,1095,4,Friday
65,2022-04-04,60,0,6,0,1096,0,Monday
66,2022-04-05,106,1,0,6,1097,1,Tuesday
67,2022-04-06,922,9,2,2,1098,2,Wednesday
68,2022-04-07,622,6,2,2,1099,3,Thursday
69,2022-04-08,683,6,8,3,1100,4,Friday
70,2022-04-11,391,3,9,1,1101,0,Monday
71,2022-04-12,338,3,3,8,1102,1,Tuesday
72,2022-04-13,882,8,8,2,1103,2,Wednesday
73,2022-04-14,859,8,5,9,1104,3,Thursday
74,2022-04-15,451,4,5,1,1105,4,Friday
75,2022-04-18,950,9,5,0,1106,0,Monday
76,2022-04-19,124,1,2,4,1107,1,Tuesday
77,2022-04-20,162,1,6,2,1108,2,Wednesday
78,2022-04-21,40,0,4,0,1109,3,Thursday
79,2022-04-22,193,1,9,3,1110,4,Friday
80,2022-04-25,696,6,9,6,1111,0,Monday
81,2022-04-26,939,9,3,9,1112,1,Tuesday
82,2022-04-27,183,1,8,3,1113,2,Wednesday
83,2022-04-28,621,6,2,1,1114,3,Thursday
84,2022-04-29,226,2,2,6,1115,4,Friday
85,2022-05-02,468,4,6,8,1116,0,Monday
86,2022-05-03,985,9,8,5,1117,1,Tuesday
87,2022-05-04,394,3,9,4,1118,2,Wednesday
88,2022-05-05,655,6,5,5,1119,3,Thursday
89,2022-05-06,529,5,2,9,1120,4,Friday
90,2022-05-09,283,2,8,3,1121,0,Monday
91,2022-05-10,408,4,0,8,1122,1,Tuesday
92,2022-05-11,713,7,1,3,1123,2,Wednesday
93,2022-05-12,264,2,6,4,1124,3,Thursday
94,2022-05-13,612,6,1,2,1125,4,Friday
95,2022-05-16,981,9,8,1,1126,0,Monday
96,2022-05-17,150,1,5,0,1127,1,Tuesday
97,2022-05-18,7,0,0,7,1128,2,Wednesday
98,2022-05-19,603,6,0,3,1129,3,Thursday
99,2022-05-20,941,9,4,1,1130,4,Friday
100,2022-05-23,319,3,1,9,1131,0,Monday
101,2022-05-24,123,1,2,3,1132,1,Tuesday
102,2022-05-25,940,9,4,0,1133,2,Wednesday
103,2022-05-26,544,5,4,4,1134,3,Thursday
104,2022-05-27,431,4,3,1,1135,4,Friday
105,2022-05-30,250,2,5,0,1136,0,Monday
106,2022-05-31,790,7,9,0,1137,1,Tuesday
107,2022-06-01,30,0,3,0,1138,2,Wednesday
108,2022-06-02,44,0,4,4,1139,3,Thursday
109,2022-06-03,677,6,7,7,1140,4,Friday
110,2022-06-06,739,7,3,9,1141,0,Monday
111,2022-06-07,936,9,3,6,1142,1,Tuesday
112,2022-06-08,640,6,4,0,1143,2,Wednesday
113,2022-06-09,415,4,1,5,1144,3,Thursday
114,2022-06-10,274,2,7,4,1145,4,Friday
115,2022-06-13,272,2,7,2,1146,0,Monday
116,2022-06-14,753,7,5,3,1147,1,Tuesday
117,2022-06-15,492,4,9,2,1148,2,Wednesday
118,2022-06-16,597,5,9,7,1149,3,Thursday
119,2022-06-17,87,0,8,7,1150,4,Friday
120,2022-06-20,112,1,1,2,1151,0,Monday
121,2022-06-21,445,4,4,5,1152,1,Tuesday
122,2022-06-22,377,3,7,7,1153,2,Wednesday
123,2022-06-23,844,8,4,4,1154,3,Thursday
124,2022-06-24,959,9,5,9,1155,4,Friday
125,2022-06-27,953,9,5,3,1156,0,Monday
126,2022-06-28,98,0,9,8,1157,1,Tuesday
127,2022-06-29,483,4,8,3,1158,2,Wednesday
128,2022-06-30,134,1,3,4,1159,3,Thursday
129,2022-07-01,89,0,8,9,1160,4,Friday
130,2022-07-04,671,6,7,1,1161,0,Monday
131,2022-07-05,640,6,4,0,1162,1,Tuesday
132,2022-07-06,771,7,7,1,1163,2,Wednesday
133,2022-07-07,628,6,2,8,1164,3,Thursday
134,2022-07-08,641,6,4,1,1165,4,Friday
135,2022-07-11,606,6,0,6,1166,0,Monday
136,2022-07-12,43,0,4,3,1167,1,Tuesday
137,2022-07-13,689,6,8,9,1168,2,Wednesday
138,2022-07-14,949,9,4,9,1169,3,Thursday
139,2022-07-15,359,3,5,9,1170,4,Friday
140,2022-07-18,994,9,9,4,1171,0,Monday
141,2022-07-19,459,4,5,9,1172,1,Tuesday
142,2022-07-20,941,9,4,1,1173,2,Wednesday
143,2022-07-21,217,2,1,7,1174,3,Thursday
144,2022-07-22,414,4,1,4,1175,4,Friday
145,2022-07-25,370,3,7,0,1176,0,Monday
146,2022-07-26,208,2,0,8,1177,1,Tuesday
147,2022-07-27,47,0,4,7,1178,2,Wednesday
148,2022-07-28,691,6,9,1,1179,3,Thursday
149,2022-07-29,705,7,0,5,1180,4,Friday
150,2022-08-01,827,8,2,7,1181,0,Monday
151,2022-08-02,890,8,9,0,1182,1,Tuesday
152,2022-08-03,818,8,1,8,1183,2,Wednesday
153,2022-08-04,475,4,7,5,1184,3,Thursday
154,2022-08-05,509,5,0,9,1185,4,Friday
155,2022-08-08,546,5,4,6,1186,0,Monday
156,2022-08-09,498,4,9,8,1187,1,Tuesday
157,2022-08-10,257,2,5,7,1188,2,Wednesday
158,2022-08-11,802,8,0,2,1189,3,Thursday
159,2022-08-12,731,7,3,1,1190,4,Friday
160,2022-08-15,33,0,3,3,1191,0,Monday
161,2022-08-16,624,6,2,4,1192,1,Tuesday
162,2022-08-17,287,2,8,7,1193,2,Wednesday
163,2022-08-18,302,3,0,2,1194,3,Thursday
164,2022-08-19,462,4,6,2,1195,4,Friday
165,2022-08-22,849,8,4,9,1196,0,Monday
166,2022-08-23,48,0,4,8,1197,1,Tuesday
167,2022-08-24,877,8,7,7,1198,2,Wednesday
168,2022-08-25,252,2,5,2,1199,3,Thursday
169,2022-08-26,514,5,1,4,1200,4,Friday
170,2022-08-29,988,9,8,8,1201,0,Monday
171,2022-08-30,879,8,7,9,1202,1,Tuesday
172,2022-08-31,685,6,8,5,1203,2,Wednesday
173,2022-09-01,353,3,5,3,1204,3,Thursday
174,2022-09-02,347,3,4,7,1205,4,Friday
175,2022-09-05,591,5,9,1,1206,0,Monday
176,2022-09-06,114,1,1,4,1207,1,Tuesday
177,2022-09-07,892,8,9,2,1208,2,Wednesday
178,2022-09-08,20,0,2,0,1209,3,Thursday
179,2022-09-09,566,5,6,6,1210,4,Friday
180,2022-09-12,411,4,1,1,1211,0,Monday
181,2022-09-13,170,1,7,0,1212,1,Tuesday
182,2022-09-14,318,3,1,8,1213,2,Wednesday
183,2022-09-15,988,9,8,8,1214,3,Thursday
184,2022-09-16,979,9,7,9,1215,4,Friday
185,2022-09-19,445,4,4,5,1216,0,Monday
186,2022-09-20,232,2,3,2,1217,1,Tuesday
187,2022-09-21,281,2,8,1,1218,2,Wednesday
188,2022-09-22,595,5,9,5,1219,3,Thursday
189,2022-09-23,278,2,7,8,1220,4,Friday
190,2022-09-26,222,2,2,2,1221,0,Monday
191,2022-09-27,443,4,4,3,1222,1,Tuesday
192,2022-09-28,727,7,2,7,1223,2,Wednesday
193,2022-09-29,274,2,7,4,1224,3,Thursday
194,2022-09-30,125,1,2,5,1225,4,Friday
195,2022-10-03,394,3,9,4,1226,0,Monday
196,2022-10-04,9,0,0,9,1227,1,Tuesday
197,2022-10-05,146,1,4,6,1228,2,Wednesday
198,2022-10-06,432,4,3,2,1229,3,Thursday
199,2022-10-07,31,0,3,1,1230,4,Friday
200,2022-10-10,139,1,3,9,1231,0,Monday
201,2022-10-11,601,6,0,1,1232,1,Tuesday
202,2022-10-12,630,6,3,0,1233,2,Wednesday
203,2022-10-13,280,2,8,0,1234,3,Thursday
204,2022-10-14,595,5,9,5,1235,4,Friday
205,2022-10-17,763,7,6,3,1236,0,Monday
206,2022-10-18,809,8,0,9,1237,1,Tuesday
207,2022-10-19,2,0,0,2,1238,2,Wednesday
208,2022-10-20,804,8,0,4,1239,3,Thursday
209,2022-10-21,570,5,7,0,1240,4,Friday
210,2022-10-24,30,0,3,0,1241,0,Monday
211,2022-10-25,46,0,4,6,1242,1,Tuesday
212,2022-10-26,605,6,0,5,1243,2,Wednesday
213,2022-10-27,850,8,5,0,1244,3,Thursday
214,2022-10-28,849,8,4,9,1245,4,Friday
215,2022-10-31,986,9,8,6,1246,0,Monday
216,2022-11-01,281,2,8,1,1247,1,Tuesday
217,2022-11-02,746,7,4,6,1248,2,Wednesday
218,2022-11-03,65,0,6,5,1249,3,Thursday
219,2022-11-04,763,7,6,3,1250,4,Friday
220,2022-11-07,89,0,8,9,1251,0,Monday
221,2022-11-08,800,8,0,0,1252,1,Tuesday
222,2022-11-09,54,0,5,4,1253,2,Wednesday
223,2022-11-10,394,3,9,4,1254,3,Thursday
224,2022-11-11,754,7,5,4,1255,4,Friday
225,2022-11-14,659,6,5,9,1256,0,Monday
226,2022-11-15,641,6,4,1,1257,1,Tuesday
227,2022-11-16,824,8,2,4,1258,2,Wednesday
228,2022-11-17,930,9,3,0,1259,3,Thursday
229,2022-11-18,947,9,4,7,1260,4,Friday
230,2022-11-21,590,5,9,0,1261,0,Monday
231,2022-11-22,348,3,4,8,1262,1,Tuesday
232,2022-11-23,533,5,3,3,1263,2,Wednesday
233,2022-11-24,438,4,3,8,1264,3,Thursday
234,2022-11-25,424,4,2,4,1265,4,Friday
235,2022-11-28,754,7,5,4,1266,0,Monday
236,2022-11-29,386,3,8,6,1267,1,Tuesday
237,2022-11-30,589,5,8,9,1268,2,Wednesday
238,2022-12-01,978,9,7,8,1269,3,Thursday
239,2022-12-02,447,4,4,7,1270,4,Friday
240,2022-12-05,468,4,6,8,1271,0,Monday
241,2022-12-06,658,6,5,8,1272,1,Tuesday
242,2022-12-07,745,7,4,5,1273,2,Wednesday
243,2022-12-08,671,6,7,1,1274,3,Thursday
244,2022-12-09,742,7,4,2,1275,4,Friday
245,2022-12-12,636,6,3,6,1276,0,Monday
246,2022-12-13,638,6,3,8,1277,1,Tuesday
247,2022-12-14,799,7,9,9,1278,2,Wednesday
248,2022-12-15,613,6,1,3,1279,3,Thursday
249,2022-12-16,559,5,5,9,1280,4,Friday
250,2022-12-19,460,4,6,0,1281,0,Monday
251,2022-12-20,229,2,2,9,1282,1,Tuesday
252,2022-12-21,947,9,4,7,1283,2,Wednesday
253,2022-12-22,35,0,3,5,1284,3,Thursday
254,2022-12-23,329,3,2,9,1285,4,Friday
255,2022-12-26,857,8,5,7,1286,0,Monday
256,2022-12-27,929,9,2,9,1287,1,Tuesday
257,2022-12-28,958,9,5,8,1288,2,Wednesday
258,2022-12-29,194,1,9,4,1289,3,Thursday
259,2022-12-30,953,9,5,3,1290,4,Friday
1,2023-01-04,91,0,9,1,1291,2,Wednesday
2,2023-01-05,433,4,3,3,1292,3,Thursday
3,2023-01-06,185,1,8,5,1293,4,Friday
4,2023-01-09,661,6,6,1,1294,0,Monday
5,2023-01-10,203,2,0,3,1295,1,Tuesday
6,2023-01-11,204,2,0,4,1296,2,Wednesday
7,2023-01-12,55,0,5,5,1297,3,Thursday
8,2023-01-13,118,1,1,8,1298,4,Friday
9,2023-01-16,169,1,6,9,1299,0,Monday
10,2023-01-17,625,6,2,5,1300,1,Tuesday
11,2023-01-18,963,9,6,3,1301,2,Wednesday
12,2023-01-19,611,6,1,1,1302,3,Thursday
13,2023-01-20,630,6,3,0,1303,4,Friday
14,2023-01-23,606,6,0,6,1304,0,Monday
15,2023-01-24,167,1,6,7,1305,1,Tuesday
16,2023-01-25,252,2,5,2,1306,2,Wednesday
17,2023-01-26,637,6,3,7,1307,3,Thursday
18,2023-01-27,310,3,1,0,1308,4,Friday
19,2023-01-30,108,1,0,8,1309,0,Monday
20,2023-01-31,482,4,8,2,1310,1,Tuesday
21,2023-02-01,226,2,2,6,1311,2,Wednesday
22,2023-02-02,596,5,9,6,1312,3,Thursday
23,2023-02-03,566,5,6,6,1313,4,Friday
24,2023-02-06,514,5,1,4,1314,0,Monday
25,2023-02-07,168,1,6,8,1315,1,Tuesday
26,2023-02-08,716,7,1,6,1316,2,Wednesday
27,2023-02-09,310,3,1,0,1317,3,Thursday
28,2023-02-10,470,4,7,0,1318,4,Friday
29,2023-02-13,309,3,0,9,1319,0,Monday
30,2023-02-14,727,7,2,7,1320,1,Tuesday
31,2023-02-15,268,2,6,8,1321,2,Wednesday
32,2023-02-16,657,6,5,7,1322,3,Thursday
33,2023-02-17,986,9,8,6,1323,4,Friday
34,2023-02-20,800,8,0,0,1324,0,Monday
35,2023-02-21,520,5,2,0,1325,1,Tuesday
36,2023-02-22,460,4,6,0,1326,2,Wednesday
37,2023-02-23,909,9,0,9,1327,3,Thursday
38,2023-02-24,432,4,3,2,1328,4,Friday
39,2023-02-27,424,4,2,4,1329,0,Monday
40,2023-02-28,715,7,1,5,1330,1,Tuesday
41,2023-03-01,989,9,8,9,1331,2,Wednesday
42,2023-03-02,474,4,7,4,1332,3,Thursday
43,2023-03-03,609,6,0,9,1333,4,Friday
44,2023-03-06,145,1,4,5,1334,0,Monday
45,2023-03-07,276,2,7,6,1335,1,Tuesday
46,2023-03-08,175,1,7,5,1336,2,Wednesday
47,2023-03-09,92,0,9,2,1337,3,Thursday
48,2023-03-10,429,4,2,9,1338,4,Friday
49,2023-03-13,674,6,7,4,1339,0,Monday
50,2023-03-14,144,1,4,4,1340,1,Tuesday
51,2023-03-15,134,1,3,4,1341,2,Wednesday
52,2023-03-16,232,2,3,2,1342,3,Thursday
53,2023-03-17,161,1,6,1,1343,4,Friday
54,2023-03-20,675,6,7,5,1344,0,Monday
55,2023-03-21,337,3,3,7,1345,1,Tuesday
56,2023-03-22,928,9,2,8,1346,2,Wednesday
57,2023-03-23,325,3,2,5,1347,3,Thursday
58,2023-03-24,484,4,8,4,1348,4,Friday
59,2023-03-27,321,3,2,1,1349,0,Monday
60,2023-03-28,137,1,3,7,1350,1,Tuesday
61,2023-03-29,320,3,2,0,1351,2,Wednesday
62,2023-03-30,839,8,3,9,1352,3,Thursday
63,2023-03-31,694,6,9,4,1353,4,Friday
64,2023-04-03,9,0,0,9,1354,0,Monday
65,2023-04-04,911,9,1,1,1355,1,Tuesday
66,2023-04-05,644,6,4,4,1356,2,Wednesday
67,2023-04-06,258,2,5,8,1357,3,Thursday
68,2023-04-07,278,2,7,8,1358,4,Friday
69,2023-04-10,847,8,4,7,1359,0,Monday
70,2023-04-11,600,6,0,0,1360,1,Tuesday
71,2023-04-12,890,8,9,0,1361,2,Wednesday
72,2023-04-13,101,1,0,1,1362,3,Thursday
73,2023-04-14,543,5,4,3,1363,4,Friday
74,2023-04-17,72,0,7,2,1364,0,Monday
75,2023-04-18,188,1,8,8,1365,1,Tuesday
76,2023-04-19,733,7,3,3,1366,2,Wednesday
77,2023-04-20,423,4,2,3,1367,3,Thursday
78,2023-04-21,962,9,6,2,1368,4,Friday
79,2023-04-24,178,1,7,8,1369,0,Monday
80,2023-04-25,273,2,7,3,1370,1,Tuesday
81,2023-04-26,799,7,9,9,1371,2,Wednesday
82,2023-04-27,958,9,5,8,1372,3,Thursday
83,2023-04-28,953,9,5,3,1373,4,Friday
84,2023-05-01,237,2,3,7,1374,0,Monday
85,2023-05-02,372,3,7,2,1375,1,Tuesday
86,2023-05-03,828,8,2,8,1376,2,Wednesday
87,2023-05-04,19,0,1,9,1377,3,Thursday
88,2023-05-05,788,7,8,8,1378,4,Friday
89,2023-05-08,734,7,3,4,1379,0,Monday
90,2023-05-09,675,6,7,5,1380,1,Tuesday
91,2023-05-10,746,7,4,6,1381,2,Wednesday
92,2023-05-11,218,2,1,8,1382,3,Thursday
93,2023-05-12,140,1,4,0,1383,4,Friday
94,2023-05-15,55,0,5,5,1384,0,Monday
95,2023-05-16,464,4,6,4,1385,1,Tuesday
96,2023-05-17,620,6,2,0,1386,2,Wednesday
97,2023-05-18,350,3,5,0,1387,3,Thursday
98,2023-05-19,138,1,3,8,1388,4,Friday
99,2023-05-22,292,2,9,2,1389,0,Monday
100,2023-05-23,931,9,3,1,1390,1,Tuesday
101,2023-05-24,584,5,8,4,1391,2,Wednesday
102,2023-05-25,908,9,0,8,1392,3,Thursday
103,2023-05-26,277,2,7,7,1393,4,Friday
104,2023-05-29,22,0,2,2,1394,0,Monday
105,2023-05-30,41,0,4,1,1395,1,Tuesday
106,2023-05-31,47,0,4,7,1396,2,Wednesday
107,2023-06-01,608,6,0,8,1397,3,Thursday
108,2023-06-02,322,3,2,2,1398,4,Friday
109,2023-06-05,753,7,5,3,1399,0,Monday
110,2023-06-06,76,0,7,6,1400,1,Tuesday
111,2023-06-07,995,9,9,5,1401,2,Wednesday
112,2023-06-08,232,2,3,2,1402,3,Thursday
113,2023-06-09,583,5,8,3,1403,4,Friday
114,2023-06-12,88,0,8,8,1404,0,Monday
115,2023-06-13,370,3,7,0,1405,1,Tuesday
116,2023-06-14,809,8,0,9,1406,2,Wednesday
117,2023-06-15,469,4,6,9,1407,3,Thursday
118,2023-06-16,377,3,7,7,1408,4,Friday
119,2023-06-19,893,8,9,3,1409,0,Monday
120,2023-06-20,499,4,9,9,1410,1,Tuesday
121,2023-06-21,941,9,4,1,1411,2,Wednesday
122,2023-06-22,357,3,5,7,1412,3,Thursday
123,2023-06-23,781,7,8,1,1413,4,Friday
124,2023-06-26,600,6,0,0,1414,0,Monday
125,2023-06-27,305,3,0,5,1415,1,Tuesday
126,2023-06-28,342,3,4,2,1416,2,Wednesday
127,2023-06-29,795,7,9,5,1417,3,Thursday
128,2023-06-30,455,4,5,5,1418,4,Friday
129,2023-07-03,430,4,3,0,1419,0,Monday
130,2023-07-04,921,9,2,1,1420,1,Tuesday
131,2023-07-05,574,5,7,4,1421,2,Wednesday
132,2023-07-06,893,8,9,3,1422,3,Thursday
133,2023-07-07,637,6,3,7,1423,4,Friday
134,2023-07-10,888,8,8,8,1424,0,Monday
135,2023-07-11,688,6,8,8,1425,1,Tuesday
136,2023-07-12,339,3,3,9,1426,2,Wednesday
137,2023-07-13,112,1,1,2,1427,3,Thursday
138,2023-07-14,642,6,4,2,1428,4,Friday
139,2023-07-17,974,9,7,4,1429,0,Monday
140,2023-07-18,97,0,9,7,1430,1,Tuesday
141,2023-07-19,857,8,5,7,1431,2,Wednesday
142,2023-07-20,430,4,3,0,1432,3,Thursday
143,2023-07-21,831,8,3,1,1433,4,Friday
144,2023-07-24,785,7,8,5,1434,0,Monday
145,2023-07-25,23,0,2,3,1435,1,Tuesday
146,2023-07-26,199,1,9,9,1436,2,Wednesday
147,2023-07-27,243,2,4,3,1437,3,Thursday
148,2023-07-28,558,5,5,8,1438,4,Friday
149,2023-07-31,353,3,5,3,1439,0,Monday
150,2023-08-01,684,6,8,4,1440,1,Tuesday
151,2023-08-02,507,5,0,7,1441,2,Wednesday
152,2023-08-03,427,4,2,7,1442,3,Thursday
153,2023-08-04,485,4,8,5,1443,4,Friday
154,2023-08-07,555,5,5,5,1444,0,Monday
155,2023-08-08,422,4,2,2,1445,1,Tuesday
156,2023-08-09,840,8,4,0,1446,2,Wednesday
157,2023-08-10,692,6,9,2,1447,3,Thursday
158,2023-08-11,485,4,8,5,1448,4,Friday
159,2023-08-14,622,6,2,2,1449,0,Monday
160,2023-08-15,747,7,4,7,1450,1,Tuesday
161,2023-08-16,748,7,4,8,1451,2,Wednesday
162,2023-08-17,68,0,6,8,1452,3,Thursday
163,2023-08-18,35,0,3,5,1453,4,Friday
164,2023-08-21,846,8,4,6,1454,0,Monday
165,2023-08-22,935,9,3,5,1455,1,Tuesday
166,2023-08-23,326,3,2,6,1456,2,Wednesday
167,2023-08-24,758,7,5,8,1457,3,Thursday
168,2023-08-25,12,0,1,2,1458,4,Friday
169,2023-08-28,18,0,1,8,1459,0,Monday
170,2023-08-29,672,6,7,2,1460,1,Tuesday
171,2023-08-30,216,2,1,6,1461,2,Wednesday
172,2023-08-31,52,0,5,2,1462,3,Thursday
173,2023-09-01,781,7,8,1,1463,4,Friday
174,2023-09-04,940,9,4,0,1464,0,Monday
175,2023-09-05,7,0,0,7,1465,1,Tuesday
176,2023-09-06,117,1,1,7,1466,2,Wednesday
177,2023-09-07,164,1,6,4,1467,3,Thursday
178,2023-09-08,928,9,2,8,1468,4,Friday
179,2023-09-11,286,2,8,6,1469,0,Monday
180,2023-09-12,917,9,1,7,1470,1,Tuesday
181,2023-09-13,751,7,5,1,1471,2,Wednesday
182,2023-09-14,580,5,8,0,1472,3,Thursday
183,2023-09-15,579,5,7,9,1473,4,Friday
184,2023-09-18,577,5,7,7,1474,0,Monday
185,2023-09-19,484,4,8,4,1475,1,Tuesday
186,2023-09-20,669,6,6,9,1476,2,Wednesday
187,2023-09-21,876,8,7,6,1477,3,Thursday
188,2023-09-22,17,0,1,7,1478,4,Friday
189,2023-09-25,951,9,5,1,1479,0,Monday
190,2023-09-26,251,2,5,1,1480,1,Tuesday
191,2023-09-27,305,3,0,5,1481,2,Wednesday
192,2023-09-28,184,1,8,4,1482,3,Thursday
193,2023-09-29,103,1,0,3,1483,4,Friday
194,2023-10-02,951,9,5,1,1484,0,Monday
195,2023-10-03,220,2,2,0,1485,1,Tuesday
196,2023-10-04,484,4,8,4,1486,2,Wednesday
197,2023-10-05,68,0,6,8,1487,3,Thursday
198,2023-10-06,235,2,3,5,1488,4,Friday
199,2023-10-09,209,2,0,9,1489,0,Monday
200,2023-10-10,414,4,1,4,1490,1,Tuesday
201,2023-10-11,590,5,9,0,1491,2,Wednesday
202,2023-10-12,550,5,5,0,1492,3,Thursday
203,2023-10-13,549,5,4,9,1493,4,Friday
204,2023-10-16,149,1,4,9,1494,0,Monday
205,2023-10-17,844,8,4,4,1495,1,Tuesday
206,2023-10-18,373,3,7,3,1496,2,Wednesday
207,2023-10-19,985,9,8,5,1497,3,Thursday
208,2023-10-20,712,7,1,2,1498,4,Friday
209,2023-10-23,110,1,1,0,1499,0,Monday
210,2023-10-24,509,5,0,9,1500,1,Tuesday
211,2023-10-25,880,8,8,0,1501,2,Wednesday
212,2023-10-26,878,8,7,8,1502,3,Thursday
213,2023-10-27,374,3,7,4,1503,4,Friday
214,2023-10-30,400,4,0,0,1504,0,Monday
215,2023-10-31,645,6,4,5,1505,1,Tuesday
216,2023-11-01,208,2,0,8,1506,2,Wednesday
217,2023-11-02,840,8,4,0,1507,3,Thursday
218,2023-11-03,6,0,0,6,1508,4,Friday
219,2023-11-06,282,2,8,2,1509,0,Monday
220,2023-11-07,595,5,9,5,1510,1,Tuesday
221,2023-11-08,114,1,1,4,1511,2,Wednesday
222,2023-11-09,866,8,6,6,1512,3,Thursday
223,2023-11-10,60,0,6,0,1513,4,Friday
224,2023-11-13,566,5,6,6,1514,0,Monday
225,2023-11-14,208,2,0,8,1515,1,Tuesday
226,2023-11-15,802,8,0,2,1516,2,Wednesday
227,2023-11-16,105,1,0,5,1517,3,Thursday
228,2023-11-17,158,1,5,8,1518,4,Friday
229,2023-11-20,502,5,0,2,1519,0,Monday
230,2023-11-21,109,1,0,9,1520,1,Tuesday
231,2023-11-22,584,5,8,4,1521,2,Wednesday
232,2023-11-23,443,4,4,3,1522,3,Thursday
233,2023-11-24,470,4,7,0,1523,4,Friday
234,2023-11-27,770,7,7,0,1524,0,Monday
235,2023-11-28,41,0,4,1,1525,1,Tuesday
236,2023-11-29,949,9,4,9,1526,2,Wednesday
237,2023-11-30,60,0,6,0,1527,3,Thursday
238,2023-12-01,82,0,8,2,1528,4,Friday
239,2023-12-04,511,5,1,1,1529,0,Monday
240,2023-12-05,557,5,5,7,1530,1,Tuesday
241,2023-12-06,204,2,0,4,1531,2,Wednesday
242,2023-12-07,384,3,8,4,1532,3,Thursday
243,2023-12-08,183,1,8,3,1533,4,Friday
244,2023-12-11,558,5,5,8,1534,0,Monday
245,2023-12-12,544,5,4,4,1535,1,Tuesday
246,2023-12-13,104,1,0,4,1536,2,Wednesday
247,2023-12-14,169,1,6,9,1537,3,Thursday
248,2023-12-15,230,2,3,0,1538,4,Friday
249,2023-12-18,532,5,3,2,1539,0,Monday
250,2023-12-19,118,1,1,8,1540,1,Tuesday
251,2023-12-20,153,1,5,3,1541,2,Wednesday
252,2023-12-21,304,3,0,4,1542,3,Thursday
253,2023-12-22,850,8,5,0,1543,4,Friday
254,2023-12-25,49,0,4,9,1544,0,Monday
255,2023-12-26,906,9,0,6,1545,1,Tuesday
256,2023-12-27,451,4,5,1,1546,2,Wednesday
257,2023-12-28,90,0,9,0,1547,3,Thursday
258,2023-12-29,429,4,2,9,1548,4,Friday
1,2024-01-04,13,0,1,3,1549,3,Thursday
2,2024-01-05,491,4,9,1,1550,4,Friday
3,2024-01-08,565,5,6,5,1551,0,Monday
4,2024-01-09,389,3,8,9,1552,1,Tuesday
5,2024-01-10,460,4,6,0,1553,2,Wednesday
6,2024-01-11,341,3,4,1,1554,3,Thursday
7,2024-01-12,919,9,1,9,1555,4,Friday
8,2024-01-15,833,8,3,3,1556,0,Monday
9,2024-01-16,780,7,8,0,1557,1,Tuesday
10,2024-01-17,320,3,2,0,1558,2,Wednesday
11,2024-01-18,604,6,0,4,1559,3,Thursday
12,2024-01-19,91,0,9,1,1560,4,Friday
13,2024-01-22,385,3,8,5,1561,0,Monday
14,2024-01-23,715,7,1,5,1562,1,Tuesday
15,2024-01-24,725,7,2,5,1563,2,Wednesday
16,2024-01-25,796,7,9,6,1564,3,Thursday
17,2024-01-26,101,1,0,1,1565,4,Friday
18,2024-01-29,419,4,1,9,1566,0,Monday
19,2024-01-30,802,8,0,2,1567,1,Tuesday
20,2024-01-31,723,7,2,3,1568,2,Wednesday
21,2024-02-01,310,3,1,0,1569,3,Thursday
22,2024-02-02,546,5,4,6,1570,4,Friday
23,2024-02-03,515,5,1,5,1571,5,Saturday
24,2024-02-05,458,4,5,8,1572,0,Monday
25,2024-02-06,945,9,4,5,1573,1,Tuesday
26,2024-02-07,791,7,9,1,1574,2,Wednesday
27,2024-02-08,948,9,4,8,1575,3,Thursday
28,2024-02-09,706,7,0,6,1576,4,Friday
29,2024-02-12,916,9,1,6,1577,0,Monday
30,2024-02-13,55,0,5,5,1578,1,Tuesday
31,2024-02-14,692,6,9,2,1579,2,Wednesday
32,2024-02-15,963,9,6,3,1580,3,Thursday
33,2024-02-16,394,3,9,4,1581,4,Friday
34,2024-02-19,920,9,2,0,1582,0,Monday
35,2024-02-20,541,5,4,1,1583,1,Tuesday
36,2024-02-21,105,1,0,5,1584,2,Wednesday
37,2024-02-22,633,6,3,3,1585,3,Thursday
38,2024-02-23,834,8,3,4,1586,4,Friday
39,2024-02-26,834,8,3,4,1587,0,Monday
40,2024-02-27,358,3,5,8,1588,1,Tuesday
41,2024-02-28,983,9,8,3,1589,2,Wednesday
42,2024-02-29,414,4,1,4,1590,3,Thursday
43,2024-03-01,367,3,6,7,1591,4,Friday
44,2024-03-04,17,0,1,7,1592,0,Monday
45,2024-03-05,566,5,6,6,1593,1,Tuesday
46,2024-03-06,395,3,9,5,1594,2,Wednesday
47,2024-03-07,956,9,5,6,1595,3,Thursday
48,2024-03-08,810,8,1,0,1596,4,Friday
49,2024-03-11,366,3,6,6,1597,0,Monday
50,2024-03-12,494,4,9,4,1598,1,Tuesday
51,2024-03-13,388,3,8,8,1599,2,Wednesday
52,2024-03-14,833,8,3,3,1600,3,Thursday
53,2024-03-15,957,9,5,7,1601,4,Friday
54,2024-03-18,378,3,7,8,1602,0,Monday
55,2024-03-19,991,9,9,1,1603,1,Tuesday
56,2024-03-20,978,9,7,8,1604,2,Wednesday
57,2024-03-21,495,4,9,5,1605,3,Thursday
58,2024-03-22,59,0,5,9,1606,4,Friday
59,2024-03-25,391,3,9,1,1607,0,Monday
60,2024-03-26,504,5,0,4,1608,1,Tuesday
61,2024-03-27,346,3,4,6,1609,2,Wednesday
62,2024-03-28,578,5,7,8,1610,3,Thursday
63,2024-03-29,150,1,5,0,1611,4,Friday
64,2024-04-01,603,6,0,3,1612,0,Monday
65,2024-04-02,440,4,4,0,1613,1,Tuesday
66,2024-04-03,992,9,9,2,1614,2,Wednesday
67,2024-04-04,965,9,6,5,1615,3,Thursday
68,2024-04-05,693,6,9,3,1616,4,Friday
69,2024-04-08,881,8,8,1,1617,0,Monday
70,2024-04-09,18,0,1,8,1618,1,Tuesday
71,2024-04-10,668,6,6,8,1619,2,Wednesday
72,2024-04-11,627,6,2,7,1620,3,Thursday
73,2024-04-12,490,4,9,0,1621,4,Friday
74,2024-04-15,572,5,7,2,1622,0,Monday
